reactor_id,timestamp,temperature,pressure,reaction_rate,cooling_efficiency,temp_rate_of_change,label,temp_rolling_avg,pressure_rolling_avg,temp_acceleration,pressure_temp_ratio,cooling_danger
A,0,119.37,3.49,0.56,0.92,0.235,SAFE,119.37,3.49,0.0,0.0292,9.55
A,1,118.95,3.48,0.39,0.85,0.003,SAFE,119.16,3.49,-0.232,0.0293,17.84
A,2,118.48,3.45,0.54,0.9,-0.168,SAFE,118.93,3.47,-0.171,0.0291,11.85
A,3,118.57,3.48,0.38,0.94,0.119,SAFE,118.84,3.48,0.287,0.0293,7.11
A,4,118.41,3.45,0.61,0.87,-0.244,SAFE,118.76,3.47,-0.363,0.0291,15.39
A,5,118.01,3.48,0.52,0.94,0.138,SAFE,118.48,3.47,0.382,0.0295,7.08
A,6,118.04,3.53,0.47,0.9,0.198,SAFE,118.3,3.48,0.06,0.0299,11.8
A,7,118.16,3.57,0.52,0.93,-0.273,SAFE,118.24,3.5,-0.471,0.0302,8.27
A,8,117.89,3.55,0.4,0.85,-0.239,SAFE,118.1,3.52,0.034,0.0301,17.68
A,9,117.67,3.56,0.47,0.88,-0.174,SAFE,117.95,3.54,0.065,0.0303,14.12
A,10,117.43,3.6,0.54,0.91,-0.197,SAFE,117.84,3.56,-0.023,0.0307,10.57
A,11,117.66,3.57,0.47,0.97,0.084,SAFE,117.76,3.57,0.281,0.0303,3.53
A,12,117.72,3.59,0.58,0.94,-0.163,SAFE,117.67,3.57,-0.247,0.0305,7.06
A,13,117.25,3.57,0.44,0.85,0.266,SAFE,117.55,3.58,0.429,0.0304,17.59
A,14,117.63,3.55,0.54,0.88,0.249,SAFE,117.54,3.58,-0.017,0.0302,14.12
A,15,117.59,3.53,0.44,0.9,-0.142,SAFE,117.57,3.56,-0.391,0.03,11.76
A,16,117.67,3.57,0.48,0.85,0.299,SAFE,117.57,3.56,0.441,0.0303,17.65
A,17,117.68,3.53,0.39,0.84,0.076,SAFE,117.56,3.55,-0.223,0.03,18.83
A,18,117.97,3.52,0.4,0.88,0.298,SAFE,117.71,3.54,0.222,0.0298,14.16
A,19,118.0,3.57,0.59,0.82,0.132,SAFE,117.78,3.54,-0.166,0.0303,21.24
A,20,118.18,3.57,0.44,0.92,-0.233,SAFE,117.9,3.55,-0.365,0.0302,9.45
A,21,118.12,3.56,0.61,0.95,-0.142,SAFE,117.99,3.55,0.091,0.0301,5.91
A,22,118.12,3.53,0.6,0.95,-0.121,SAFE,118.08,3.55,0.021,0.0299,5.91
A,23,118.26,3.54,0.42,0.93,0.024,SAFE,118.14,3.55,0.145,0.0299,8.28
A,24,118.54,3.55,0.38,0.87,-0.288,SAFE,118.24,3.55,-0.312,0.0299,15.41
A,25,118.97,3.58,0.58,0.87,-0.265,SAFE,118.4,3.55,0.023,0.0301,15.47
A,26,119.34,3.63,0.4,0.89,-0.258,SAFE,118.65,3.57,0.007,0.0304,13.13
A,27,119.6,3.66,0.41,0.89,0.03,SAFE,118.94,3.59,0.288,0.0306,13.16
A,28,119.37,3.69,0.48,0.85,0.024,SAFE,119.16,3.62,-0.006,0.0309,17.91
A,29,119.6,3.66,0.45,0.97,0.09,SAFE,119.38,3.64,0.066,0.0306,3.59
A,30,119.54,3.66,0.41,0.85,-0.097,SAFE,119.49,3.66,-0.187,0.0306,17.93
A,31,119.63,3.64,0.43,0.83,0.079,SAFE,119.55,3.66,0.176,0.0304,20.34
A,32,119.36,3.68,0.59,0.83,-0.157,SAFE,119.5,3.67,-0.236,0.0308,20.29
A,33,119.52,3.65,0.41,0.96,0.043,SAFE,119.53,3.66,0.2,0.0305,4.78
A,34,119.5,3.68,0.57,0.85,-0.242,SAFE,119.51,3.66,-0.285,0.0308,17.93
A,35,119.43,3.67,0.49,0.93,0.104,SAFE,119.49,3.66,0.346,0.0307,8.36
A,36,119.91,3.63,0.48,0.87,0.217,SAFE,119.54,3.66,0.113,0.0303,15.59
A,37,119.66,3.6,0.49,0.88,-0.133,SAFE,119.6,3.65,-0.35,0.0301,14.36
A,38,119.41,3.64,0.49,0.95,0.03,SAFE,119.58,3.64,0.163,0.0305,5.97
A,39,118.96,3.69,0.58,0.97,0.256,SAFE,119.47,3.65,0.226,0.031,3.57
A,40,119.31,3.66,0.5,0.85,-0.059,SAFE,119.45,3.64,-0.315,0.0307,17.9
A,41,118.87,3.65,0.62,0.86,0.17,SAFE,119.24,3.65,0.229,0.0307,16.64
A,42,118.82,3.64,0.61,0.97,0.033,SAFE,119.07,3.66,-0.137,0.0306,3.56
A,43,119.04,3.6,0.45,0.97,0.048,SAFE,119.0,3.65,0.015,0.0302,3.57
A,44,119.08,3.63,0.39,0.91,0.002,SAFE,119.02,3.64,-0.046,0.0305,10.72
A,45,119.44,3.59,0.61,0.83,-0.189,SAFE,119.05,3.62,-0.191,0.0301,20.3
A,46,119.53,3.61,0.44,0.84,0.234,SAFE,119.18,3.61,0.423,0.0302,19.12
A,47,119.28,3.62,0.53,0.88,0.05,SAFE,119.27,3.61,-0.184,0.0303,14.31
A,48,119.3,3.66,0.43,0.93,-0.157,SAFE,119.33,3.62,-0.207,0.0307,8.35
A,49,119.2,3.68,0.45,0.87,0.151,SAFE,119.35,3.63,0.308,0.0309,15.5
A,50,118.77,3.68,0.62,0.97,-0.256,SAFE,119.22,3.65,-0.407,0.031,3.56
A,51,118.48,3.65,0.6,0.95,0.228,SAFE,119.01,3.66,0.484,0.0308,5.92
A,52,118.35,3.62,0.58,0.93,0.067,SAFE,118.82,3.66,-0.161,0.0306,8.28
A,53,118.84,3.64,0.38,0.94,-0.12,SAFE,118.73,3.65,-0.187,0.0306,7.13
A,54,119.0,3.68,0.41,0.84,-0.236,SAFE,118.69,3.65,-0.116,0.0309,19.04
A,55,119.06,3.66,0.53,0.93,-0.178,SAFE,118.75,3.65,0.058,0.0307,8.33
A,56,119.19,3.63,0.5,0.96,0.208,SAFE,118.89,3.65,0.386,0.0305,4.77
A,57,118.78,3.63,0.45,0.82,0.163,SAFE,118.97,3.65,-0.045,0.0306,21.38
A,58,118.92,3.6,0.56,0.9,-0.043,SAFE,118.99,3.64,-0.206,0.0303,11.89
A,59,118.43,3.56,0.59,0.96,0.027,SAFE,118.88,3.62,0.07,0.0301,4.74
A,60,118.76,3.57,0.42,0.84,-0.115,SAFE,118.82,3.6,-0.142,0.0301,19.0
A,61,119.16,3.6,0.59,0.95,-0.174,SAFE,118.81,3.59,-0.059,0.0302,5.96
A,62,118.91,3.56,0.57,0.95,-0.056,SAFE,118.84,3.58,0.118,0.0299,5.95
A,63,119.03,3.52,0.6,0.95,0.286,SAFE,118.86,3.56,0.342,0.0296,5.95
A,64,119.34,3.56,0.39,0.93,-0.101,SAFE,119.04,3.56,-0.387,0.0298,8.35
A,65,119.77,3.59,0.59,0.94,-0.14,SAFE,119.24,3.57,-0.039,0.03,7.19
A,66,120.06,3.55,0.59,0.95,-0.167,SAFE,119.42,3.56,-0.027,0.0296,6.0
A,67,120.38,3.55,0.45,0.94,-0.163,SAFE,119.72,3.55,0.004,0.0295,7.22
A,68,119.9,3.52,0.46,0.95,0.28,SAFE,119.89,3.55,0.443,0.0294,6.0
A,69,119.68,3.53,0.48,0.97,0.022,SAFE,119.96,3.55,-0.258,0.0295,3.59
A,70,120.12,3.49,0.61,0.85,0.278,SAFE,120.03,3.53,0.256,0.0291,18.02
A,71,119.89,3.45,0.48,0.93,-0.112,SAFE,119.99,3.51,-0.39,0.0288,8.39
A,72,119.99,3.45,0.47,0.91,-0.147,SAFE,119.92,3.49,-0.035,0.0288,10.8
A,73,120.2,3.4,0.6,0.9,0.132,SAFE,119.98,3.46,0.279,0.0283,12.02
A,74,120.44,3.42,0.47,0.83,0.099,SAFE,120.13,3.44,-0.033,0.0284,20.47
A,75,120.27,3.4,0.58,0.93,-0.12,SAFE,120.16,3.42,-0.219,0.0283,8.42
A,76,120.08,3.39,0.48,0.86,-0.224,SAFE,120.2,3.41,-0.104,0.0282,16.81
A,77,120.0,3.44,0.54,0.96,0.069,SAFE,120.2,3.41,0.293,0.0287,4.8
A,78,119.8,3.44,0.38,0.86,-0.042,SAFE,120.12,3.42,-0.111,0.0287,16.77
A,79,119.88,3.46,0.49,0.89,-0.172,SAFE,120.01,3.43,-0.13,0.0289,13.19
A,80,137.65,4.73,0.6,0.77,0.555,WARNING,123.48,3.69,0.727,0.0344,31.66
A,81,138.9,4.81,0.76,0.77,1.528,WARNING,127.25,3.98,0.973,0.0346,31.95
A,82,139.54,4.88,0.64,0.76,0.337,WARNING,131.15,4.26,-1.191,0.035,33.49
A,83,141.11,4.94,0.73,0.76,0.922,WARNING,135.42,4.56,0.585,0.035,33.87
A,84,142.46,5.04,0.74,0.75,0.666,WARNING,139.93,4.88,-0.256,0.0354,35.62
A,85,143.88,5.17,0.68,0.75,0.46,WARNING,141.18,4.97,-0.206,0.0359,35.97
A,86,145.62,5.27,0.64,0.75,0.375,WARNING,142.52,5.06,-0.085,0.0362,36.4
A,87,146.61,5.4,0.82,0.74,1.301,WARNING,143.94,5.16,0.926,0.0368,38.12
A,88,148.33,5.54,0.75,0.73,1.219,WARNING,145.38,5.28,-0.082,0.0373,40.05
A,89,149.88,5.64,0.76,0.73,1.646,WARNING,146.86,5.4,0.427,0.0376,40.47
A,90,150.57,5.72,0.76,0.72,1.256,WARNING,148.2,5.51,-0.39,0.038,42.16
A,91,151.81,5.79,0.65,0.72,0.416,WARNING,149.44,5.62,-0.84,0.0381,42.51
A,92,152.58,5.9,0.64,0.71,0.508,WARNING,150.63,5.72,0.092,0.0387,44.25
A,93,153.94,5.96,0.71,0.71,0.911,WARNING,151.76,5.8,0.403,0.0387,44.64
A,94,154.55,6.05,0.72,0.7,1.657,WARNING,152.69,5.88,0.746,0.0391,46.37
A,95,156.14,6.17,0.58,0.69,0.871,WARNING,153.8,5.97,-0.786,0.0395,48.4
A,96,157.57,6.31,0.68,0.69,1.73,WARNING,154.96,6.08,0.859,0.04,48.85
A,97,158.69,6.42,0.63,0.68,0.631,WARNING,156.18,6.18,-1.099,0.0405,50.78
A,98,159.03,6.5,0.68,0.68,1.319,WARNING,157.2,6.29,0.688,0.0409,50.89
A,99,160.03,6.57,0.59,0.67,1.233,WARNING,158.29,6.39,-0.086,0.0411,52.81
A,100,161.18,6.62,0.61,0.67,1.264,WARNING,159.3,6.48,0.031,0.0411,53.19
A,101,161.56,6.71,0.66,0.66,0.617,WARNING,160.1,6.56,-0.647,0.0415,54.93
A,102,162.42,6.83,0.64,0.66,1.548,WARNING,160.84,6.65,0.931,0.0421,55.22
A,103,162.75,6.94,0.66,0.65,1.8,WARNING,161.59,6.73,0.252,0.0426,56.96
A,104,164.23,7.05,0.81,0.65,1.431,WARNING,162.43,6.83,-0.369,0.0429,57.48
A,105,164.56,7.12,0.74,0.64,0.489,WARNING,163.1,6.93,-0.942,0.0433,59.24
A,106,165.18,7.24,0.62,0.64,1.45,WARNING,163.83,7.04,0.961,0.0438,59.46
A,107,166.6,7.3,0.81,0.63,1.529,WARNING,164.66,7.13,0.079,0.0438,61.64
A,108,166.94,7.38,0.81,0.63,1.316,WARNING,165.5,7.22,-0.213,0.0442,61.77
A,109,168.32,7.44,0.73,0.62,1.336,WARNING,166.32,7.3,0.02,0.0442,63.96
A,110,169.77,7.57,0.61,0.62,1.201,WARNING,167.36,7.39,-0.135,0.0446,64.51
A,111,171.25,7.66,0.67,0.61,0.943,WARNING,168.58,7.47,-0.258,0.0447,66.79
A,112,172.06,7.79,0.61,0.61,1.533,WARNING,169.67,7.57,0.59,0.0453,67.1
A,113,173.31,7.92,0.68,0.6,1.361,WARNING,170.94,7.68,-0.172,0.0457,69.32
A,114,175.06,8.0,0.71,0.59,1.512,WARNING,172.29,7.79,0.151,0.0457,71.77
A,115,176.02,8.12,0.78,0.59,0.703,WARNING,173.54,7.9,-0.809,0.0461,72.17
A,116,176.45,8.26,0.69,0.58,0.666,WARNING,174.58,8.02,-0.037,0.0468,74.11
A,117,177.31,8.31,0.62,0.57,1.576,WARNING,175.63,8.12,0.91,0.0469,76.24
A,118,178.81,8.4,0.75,0.57,1.62,WARNING,176.73,8.22,0.044,0.047,76.89
A,119,179.13,8.54,0.75,0.56,0.428,WARNING,177.54,8.33,-1.192,0.0477,78.82
A,120,180.56,8.66,0.7,0.56,1.269,WARNING,178.45,8.43,0.841,0.048,79.45
A,121,181.0,8.74,0.65,0.55,1.338,WARNING,179.36,8.53,0.069,0.0483,81.45
A,122,182.01,8.84,0.76,0.55,0.938,WARNING,180.3,8.64,-0.4,0.0486,81.9
A,123,183.37,8.92,0.61,0.54,0.677,WARNING,181.21,8.74,-0.261,0.0486,84.35
A,124,183.85,9.02,0.62,0.54,1.443,WARNING,182.16,8.84,0.766,0.0491,84.57
A,125,184.87,9.14,0.71,0.53,1.765,WARNING,183.02,8.93,0.322,0.0494,86.89
A,126,185.32,9.21,0.62,0.53,0.641,WARNING,183.88,9.03,-1.124,0.0497,87.1
A,127,186.42,9.29,0.71,0.53,1.761,WARNING,184.77,9.12,1.12,0.0498,87.62
A,128,186.91,9.42,0.79,0.52,1.036,WARNING,185.47,9.22,-0.725,0.0504,89.72
A,129,187.92,9.52,0.59,0.51,0.577,WARNING,186.29,9.32,-0.459,0.0507,92.08
A,130,188.93,9.65,0.6,0.51,0.901,WARNING,187.1,9.42,0.324,0.0511,92.58
A,131,189.31,9.72,0.65,0.5,1.144,WARNING,187.9,9.52,0.243,0.0513,94.66
A,132,189.79,9.84,0.77,0.5,1.209,WARNING,188.57,9.63,0.065,0.0518,94.9
A,133,190.88,9.94,0.79,0.5,0.964,WARNING,189.37,9.73,-0.245,0.0521,95.44
A,134,191.63,10.05,0.76,0.5,1.214,WARNING,190.11,9.84,0.25,0.0524,95.82
A,135,192.25,10.12,0.62,0.5,1.291,WARNING,190.77,9.93,0.077,0.0526,96.12
A,136,192.66,10.17,0.72,0.5,0.976,WARNING,191.44,10.02,-0.315,0.0528,96.33
A,137,193.31,10.29,0.69,0.5,1.354,WARNING,192.15,10.11,0.378,0.0532,96.66
A,138,194.99,10.42,0.74,0.5,1.238,WARNING,192.97,10.21,-0.116,0.0534,97.5
A,139,195.93,10.53,0.8,0.5,1.271,WARNING,193.83,10.31,0.033,0.0537,97.96
A,140,167.81,7.43,0.95,0.44,3.73,CRITICAL,188.94,9.77,2.459,0.0443,93.97
A,141,172.58,7.74,0.94,0.44,5.255,CRITICAL,184.92,9.28,1.525,0.0448,96.64
A,142,178.85,8.14,0.81,0.43,2.822,CRITICAL,182.03,8.85,-2.433,0.0455,101.94
A,143,183.08,8.47,0.99,0.42,2.865,CRITICAL,179.65,8.46,0.043,0.0463,106.19
A,144,188.93,8.9,0.93,0.41,6.498,CRITICAL,178.25,8.14,3.633,0.0471,111.47
A,145,192.5,9.12,0.93,0.39,4.382,CRITICAL,183.19,8.47,-2.116,0.0474,117.42
A,146,198.67,9.39,0.9,0.38,5.039,CRITICAL,188.41,8.8,0.657,0.0473,123.18
A,147,201.53,9.73,0.97,0.37,5.181,CRITICAL,192.94,9.12,0.142,0.0483,126.96
A,148,205.35,10.21,0.96,0.37,6.281,CRITICAL,197.4,9.47,1.1,0.0497,129.37
A,149,210.05,10.59,0.99,0.36,3.793,CRITICAL,201.62,9.81,-2.488,0.0504,134.43
A,150,214.17,11.0,0.91,0.34,5.131,CRITICAL,205.95,10.18,1.338,0.0514,141.35
A,151,218.32,11.27,0.93,0.33,5.526,CRITICAL,209.88,10.56,0.395,0.0516,146.27
A,152,223.86,11.55,0.89,0.32,6.211,CRITICAL,214.35,10.92,0.685,0.0516,152.22
A,153,229.16,11.8,0.85,0.31,4.935,CRITICAL,219.11,11.24,-1.276,0.0515,158.12
A,154,232.29,12.22,1.0,0.3,2.873,CRITICAL,223.56,11.57,-2.062,0.0526,162.6
A,155,238.44,12.61,0.9,0.29,5.829,CRITICAL,228.41,11.89,2.956,0.0529,169.29
A,156,243.81,13.01,1.0,0.28,5.839,CRITICAL,233.51,12.24,0.01,0.0534,175.54
A,157,247.28,13.43,0.9,0.28,6.187,CRITICAL,238.2,12.61,0.348,0.0543,178.04
A,158,253.3,13.98,0.88,0.27,5.66,CRITICAL,243.02,13.05,-0.527,0.0552,184.91
A,159,259.54,14.38,0.86,0.25,3.631,CRITICAL,248.47,13.48,-2.029,0.0554,194.66
A,160,264.38,14.98,0.91,0.24,3.094,CRITICAL,253.66,13.96,-0.537,0.0567,200.93
A,161,268.26,15.4,0.86,0.23,4.321,CRITICAL,258.55,14.43,1.227,0.0574,206.56
A,162,271.52,15.88,0.96,0.22,3.434,CRITICAL,263.4,14.92,-0.887,0.0585,211.79
A,163,274.19,16.38,0.88,0.21,5.746,CRITICAL,267.58,15.4,2.312,0.0597,216.61
A,164,279.35,16.9,0.81,0.2,4.481,CRITICAL,271.54,15.91,-1.265,0.0605,223.48
A,165,283.86,17.34,0.89,0.18,5.997,CRITICAL,275.44,16.38,1.516,0.0611,232.77
A,166,288.46,17.72,0.93,0.17,4.14,CRITICAL,279.48,16.84,-1.857,0.0614,239.42
A,167,291.58,18.11,0.94,0.16,3.854,CRITICAL,283.49,17.29,-0.286,0.0621,244.93
A,168,296.68,18.65,0.88,0.14,5.937,CRITICAL,287.99,17.74,2.083,0.0629,255.14
A,169,300.45,19.14,0.81,0.13,5.99,CRITICAL,292.21,18.19,0.053,0.0637,261.39
A,170,303.22,19.59,0.95,0.12,6.49,CRITICAL,296.08,18.64,0.5,0.0646,266.83
A,171,307.45,19.83,0.89,0.1,5.99,CRITICAL,299.88,19.06,-0.5,0.0645,276.7
A,172,312.73,20.39,0.86,0.1,5.685,CRITICAL,304.11,19.52,-0.305,0.0652,281.46
A,173,316.73,20.65,0.96,0.1,4.764,CRITICAL,308.12,19.92,-0.921,0.0652,285.06
A,174,319.91,20.88,0.85,0.1,4.979,CRITICAL,312.01,20.27,0.215,0.0653,287.92
A,175,326.06,21.14,0.85,0.1,3.516,CRITICAL,316.58,20.58,-1.463,0.0648,293.45
A,176,328.6,21.66,0.83,0.1,5.21,CRITICAL,320.81,20.94,1.694,0.0659,295.74
A,177,332.87,22.0,0.88,0.1,5.056,CRITICAL,324.83,21.27,-0.154,0.0661,299.58
A,178,336.37,22.54,0.9,0.1,4.039,CRITICAL,328.76,21.64,-1.017,0.067,302.73
A,179,339.81,22.97,0.86,0.1,6.471,CRITICAL,332.74,22.06,2.432,0.0676,305.83
A,180,346.23,23.43,0.94,0.1,4.764,CRITICAL,336.78,22.52,-1.707,0.0677,311.61
A,181,351.71,23.65,0.98,0.1,4.487,CRITICAL,341.4,22.92,-0.277,0.0672,316.54
A,182,355.35,24.17,0.93,0.1,3.909,CRITICAL,345.89,23.35,-0.578,0.068,319.82
A,183,360.33,24.64,0.97,0.1,5.137,CRITICAL,350.69,23.77,1.228,0.0684,324.3
A,184,365.35,25.2,0.89,0.1,3.736,CRITICAL,355.79,24.22,-1.401,0.069,328.82
A,185,370.17,25.69,0.95,0.1,3.68,CRITICAL,360.58,24.67,-0.056,0.0694,333.15
A,186,373.37,25.95,0.91,0.1,6.386,CRITICAL,364.91,25.13,2.706,0.0695,336.03
A,187,379.52,26.48,0.9,0.1,5.799,CRITICAL,369.75,25.59,-0.587,0.0698,341.57
A,188,385.25,26.98,0.99,0.1,2.961,CRITICAL,374.73,26.06,-2.838,0.07,346.72
A,189,388.31,27.56,1.0,0.1,5.397,CRITICAL,379.32,26.53,2.436,0.071,349.48
A,190,394.68,28.09,0.8,0.1,5.663,CRITICAL,384.23,27.01,0.266,0.0712,355.21
A,191,399.33,28.47,0.92,0.1,5.189,CRITICAL,389.42,27.52,-0.474,0.0713,359.4
A,192,405.12,29.04,0.81,0.1,3.435,CRITICAL,394.54,28.03,-1.754,0.0717,364.61
A,193,411.15,29.47,0.81,0.1,3.385,CRITICAL,399.72,28.53,-0.05,0.0717,370.04
A,194,416.95,30.03,0.83,0.1,4.133,CRITICAL,405.45,29.02,0.748,0.072,375.26
A,195,423.23,30.35,0.98,0.1,2.889,CRITICAL,411.16,29.47,-1.244,0.0717,380.91
A,196,426.28,30.74,0.99,0.1,5.473,CRITICAL,416.55,29.93,2.584,0.0721,383.65
A,197,430.45,31.23,0.82,0.1,4.16,CRITICAL,421.61,30.36,-1.313,0.0726,387.4
A,198,434.91,31.6,0.87,0.1,2.631,CRITICAL,426.36,30.79,-1.529,0.0727,391.42
A,199,439.18,32.18,0.94,0.1,2.897,CRITICAL,430.81,31.22,0.266,0.0733,395.26
B,0,118.03,4.17,0.43,0.84,0.209,SAFE,118.03,4.17,0.0,0.0353,18.88
B,1,117.98,4.19,0.53,0.91,-0.287,SAFE,118.0,4.18,-0.496,0.0355,10.62
B,2,118.27,4.16,0.41,0.9,-0.259,SAFE,118.09,4.17,0.028,0.0352,11.83
B,3,118.53,4.14,0.43,0.95,-0.103,SAFE,118.2,4.16,0.156,0.0349,5.93
B,4,118.18,4.18,0.38,0.95,-0.213,SAFE,118.2,4.17,-0.11,0.0354,5.91
B,5,117.81,4.15,0.42,0.92,-0.285,SAFE,118.15,4.16,-0.072,0.0352,9.42
B,6,117.32,4.18,0.44,0.87,-0.195,SAFE,118.02,4.16,0.09,0.0356,15.25
B,7,116.88,4.2,0.51,0.93,-0.014,SAFE,117.74,4.17,0.181,0.0359,8.18
B,8,117.16,4.21,0.41,0.9,0.267,SAFE,117.47,4.18,0.281,0.0359,11.72
B,9,116.7,4.23,0.59,0.9,-0.025,SAFE,117.17,4.19,-0.292,0.0362,11.67
B,10,117.16,4.19,0.49,0.88,0.112,SAFE,117.04,4.2,0.137,0.0358,14.06
B,11,117.15,4.23,0.4,0.83,0.065,SAFE,117.01,4.21,-0.047,0.0361,19.92
B,12,116.72,4.21,0.53,0.9,-0.105,SAFE,116.98,4.21,-0.17,0.0361,11.67
B,13,117.21,4.21,0.49,0.91,-0.24,SAFE,116.99,4.21,-0.135,0.0359,10.55
B,14,117.41,4.25,0.54,0.94,0.133,SAFE,117.13,4.22,0.373,0.0362,7.04
B,15,117.13,4.24,0.43,0.87,-0.028,SAFE,117.12,4.23,-0.161,0.0362,15.23
B,16,117.05,4.2,0.48,0.92,-0.075,SAFE,117.1,4.22,-0.047,0.0359,9.36
B,17,116.7,4.24,0.4,0.94,-0.244,SAFE,117.1,4.23,-0.169,0.0363,7.0
B,18,116.3,4.27,0.57,0.9,0.052,SAFE,116.92,4.24,0.296,0.0367,11.63
B,19,116.36,4.25,0.41,0.87,0.099,SAFE,116.71,4.24,0.047,0.0365,15.13
B,20,116.61,4.29,0.55,0.97,0.06,SAFE,116.6,4.25,-0.039,0.0368,3.5
B,21,116.46,4.29,0.43,0.92,-0.165,SAFE,116.49,4.27,-0.225,0.0368,9.32
B,22,116.07,4.33,0.47,0.93,0.044,SAFE,116.36,4.29,0.209,0.0373,8.12
B,23,116.37,4.36,0.61,0.94,0.068,SAFE,116.37,4.3,0.024,0.0375,6.98
B,24,116.52,4.32,0.6,0.94,-0.14,SAFE,116.41,4.32,-0.208,0.0371,6.99
B,25,116.2,4.34,0.45,0.87,-0.296,SAFE,116.32,4.33,-0.156,0.0373,15.11
B,26,116.57,4.34,0.48,0.84,0.08,SAFE,116.35,4.34,0.376,0.0372,18.65
B,27,116.1,4.37,0.43,0.88,-0.095,SAFE,116.35,4.35,-0.175,0.0376,13.93
B,28,115.97,4.39,0.57,0.91,-0.249,SAFE,116.27,4.35,-0.154,0.0379,10.44
B,29,115.52,4.36,0.53,0.92,-0.137,SAFE,116.07,4.36,0.112,0.0377,9.24
B,30,115.68,4.35,0.49,0.86,0.153,SAFE,115.97,4.36,0.29,0.0376,16.2
B,31,115.3,4.35,0.45,0.92,-0.008,SAFE,115.71,4.36,-0.161,0.0377,9.22
B,32,115.46,4.3,0.47,0.91,-0.295,SAFE,115.59,4.35,-0.287,0.0372,10.39
B,33,115.26,4.27,0.41,0.86,-0.103,SAFE,115.44,4.33,0.192,0.037,16.14
B,34,114.77,4.3,0.42,0.88,0.122,SAFE,115.29,4.31,0.225,0.0375,13.77
B,35,114.77,4.33,0.57,0.83,0.217,SAFE,115.11,4.31,0.095,0.0377,19.51
B,36,114.31,4.28,0.6,0.95,0.045,SAFE,114.91,4.3,-0.172,0.0374,5.72
B,37,114.39,4.3,0.48,0.84,-0.287,SAFE,114.7,4.3,-0.332,0.0376,18.3
B,38,114.21,4.33,0.53,0.94,0.252,SAFE,114.49,4.31,0.539,0.0379,6.85
B,39,113.8,4.37,0.44,0.91,0.014,SAFE,114.3,4.32,-0.238,0.0384,10.24
B,40,113.7,4.35,0.46,0.87,-0.199,SAFE,114.08,4.33,-0.213,0.0383,14.78
B,41,113.71,4.31,0.5,0.96,-0.09,SAFE,113.96,4.33,0.109,0.0379,4.55
B,42,113.93,4.34,0.58,0.86,-0.212,SAFE,113.87,4.34,-0.122,0.0381,15.95
B,43,113.63,4.35,0.56,0.92,-0.194,SAFE,113.75,4.34,0.018,0.0383,9.09
B,44,113.91,4.35,0.56,0.93,-0.031,SAFE,113.78,4.34,0.163,0.0382,7.97
B,45,114.33,4.36,0.53,0.91,0.219,SAFE,113.9,4.34,0.25,0.0381,10.29
B,46,114.46,4.32,0.4,0.89,-0.118,SAFE,114.05,4.34,-0.337,0.0377,12.59
B,47,114.23,4.28,0.5,0.87,-0.029,SAFE,114.11,4.33,0.089,0.0375,14.85
B,48,113.79,4.31,0.4,0.95,0.213,SAFE,114.14,4.32,0.242,0.0379,5.69
B,49,113.9,4.31,0.49,0.9,0.175,SAFE,114.14,4.32,-0.038,0.0378,11.39
B,50,114.3,4.31,0.57,0.92,-0.107,SAFE,114.14,4.31,-0.282,0.0377,9.14
B,51,114.27,4.27,0.39,0.84,0.239,SAFE,114.1,4.3,0.346,0.0374,18.28
B,52,114.12,4.3,0.5,0.85,-0.151,SAFE,114.08,4.3,-0.39,0.0377,17.12
B,53,114.06,4.29,0.51,0.84,-0.076,SAFE,114.13,4.3,0.075,0.0376,18.25
B,54,113.84,4.28,0.46,0.91,0.174,SAFE,114.12,4.29,0.25,0.0376,10.25
B,55,113.99,4.24,0.4,0.92,-0.13,SAFE,114.06,4.28,-0.304,0.0372,9.12
B,56,114.21,4.25,0.6,0.95,-0.1,SAFE,114.04,4.27,0.03,0.0372,5.71
B,57,114.29,4.22,0.46,0.97,0.119,SAFE,114.08,4.26,0.219,0.0369,3.43
B,58,114.18,4.23,0.61,0.87,-0.074,SAFE,114.1,4.24,-0.193,0.037,14.84
B,59,114.48,4.26,0.54,0.94,0.143,SAFE,114.23,4.24,0.217,0.0372,6.87
B,60,114.66,4.26,0.54,0.88,-0.083,SAFE,114.36,4.24,-0.226,0.0372,13.76
B,61,114.52,4.23,0.43,0.96,-0.008,SAFE,114.43,4.24,0.075,0.0369,4.58
B,62,114.25,4.19,0.4,0.95,-0.239,SAFE,114.42,4.23,-0.231,0.0367,5.71
B,63,114.52,4.23,0.59,0.83,-0.098,SAFE,114.49,4.23,0.141,0.0369,19.47
B,64,114.79,4.19,0.47,0.84,0.199,SAFE,114.55,4.22,0.297,0.0365,18.37
B,65,115.06,4.22,0.42,0.89,-0.053,SAFE,114.63,4.21,-0.252,0.0367,12.66
B,66,115.24,4.19,0.49,0.86,0.149,SAFE,114.77,4.2,0.202,0.0364,16.13
B,67,115.18,4.2,0.45,0.94,-0.019,SAFE,114.96,4.21,-0.168,0.0365,6.91
B,68,115.52,4.18,0.61,0.97,-0.023,SAFE,115.16,4.2,-0.004,0.0362,3.47
B,69,115.3,4.17,0.51,0.96,0.19,SAFE,115.26,4.19,0.213,0.0362,4.61
B,70,115.6,4.14,0.44,0.92,0.224,SAFE,115.37,4.18,0.034,0.0358,9.25
B,71,115.66,4.1,0.58,0.95,-0.129,SAFE,115.45,4.16,-0.353,0.0354,5.78
B,72,115.92,4.07,0.6,0.84,-0.038,SAFE,115.6,4.13,0.091,0.0351,18.55
B,73,116.37,4.04,0.49,0.87,-0.284,SAFE,115.77,4.1,-0.246,0.0347,15.13
B,74,115.92,4.05,0.44,0.97,-0.075,SAFE,115.89,4.08,0.209,0.0349,3.48
B,75,115.45,4.09,0.58,0.92,0.175,SAFE,115.86,4.07,0.25,0.0354,9.24
B,76,115.09,4.07,0.58,0.92,-0.217,SAFE,115.75,4.06,-0.392,0.0354,9.21
B,77,115.29,4.06,0.38,0.83,-0.146,SAFE,115.62,4.06,0.071,0.0352,19.6
B,78,115.63,4.07,0.55,0.9,-0.233,SAFE,115.48,4.07,-0.087,0.0352,11.56
B,79,115.41,4.05,0.39,0.88,0.176,SAFE,115.37,4.07,0.409,0.0351,13.85
B,80,136.47,4.74,0.58,0.77,1.195,WARNING,119.58,4.2,1.019,0.0347,31.39
B,81,137.13,4.8,0.73,0.77,0.944,WARNING,123.99,4.34,-0.251,0.035,31.54
B,82,138.05,4.92,0.81,0.76,0.428,WARNING,128.54,4.52,-0.516,0.0356,33.13
B,83,139.14,5.02,0.71,0.76,1.782,WARNING,133.24,4.71,1.354,0.0361,33.39
B,84,140.15,5.14,0.64,0.76,1.772,WARNING,138.19,4.92,-0.01,0.0367,33.64
B,85,141.63,5.22,0.73,0.75,1.399,WARNING,139.22,5.02,-0.373,0.0369,35.41
B,86,143.03,5.3,0.71,0.75,0.367,WARNING,140.4,5.12,-1.032,0.0371,35.76
B,87,143.6,5.43,0.75,0.74,0.997,WARNING,141.51,5.22,0.63,0.0378,37.34
B,88,145.11,5.49,0.69,0.73,1.464,WARNING,142.7,5.32,0.467,0.0378,39.18
B,89,145.48,5.56,0.8,0.73,0.363,WARNING,143.77,5.4,-1.101,0.0382,39.28
B,90,147.26,5.66,0.76,0.72,0.68,WARNING,144.9,5.49,0.317,0.0384,41.23
B,91,148.1,5.79,0.66,0.72,1.599,WARNING,145.91,5.59,0.919,0.0391,41.47
B,92,148.95,5.93,0.79,0.72,1.415,WARNING,146.98,5.69,-0.184,0.0398,41.71
B,93,150.71,6.03,0.8,0.71,1.046,WARNING,148.1,5.79,-0.369,0.04,43.71
B,94,152.21,6.15,0.72,0.71,0.418,WARNING,149.45,5.91,-0.628,0.0404,44.14
B,95,153.33,6.23,0.74,0.7,0.42,WARNING,150.66,6.03,0.002,0.0406,46.0
B,96,154.54,6.33,0.66,0.69,1.335,WARNING,151.95,6.13,0.915,0.041,47.91
B,97,156.14,6.41,0.65,0.69,1.797,WARNING,153.39,6.23,0.462,0.0411,48.4
B,98,157.86,6.47,0.67,0.68,1.256,WARNING,154.82,6.32,-0.541,0.041,50.52
B,99,159.18,6.61,0.73,0.68,0.514,WARNING,156.21,6.41,-0.742,0.0415,50.94
B,100,159.53,6.67,0.67,0.67,1.468,WARNING,157.45,6.5,0.954,0.0418,52.64
B,101,160.68,6.78,0.81,0.66,1.319,WARNING,158.68,6.59,-0.149,0.0422,54.63
B,102,162.13,6.89,0.68,0.66,1.094,WARNING,159.88,6.68,-0.225,0.0425,55.12
B,103,162.8,6.95,0.7,0.65,1.404,WARNING,160.86,6.78,0.31,0.0427,56.98
B,104,163.95,7.03,0.69,0.65,0.69,WARNING,161.82,6.86,-0.714,0.0429,57.38
B,105,164.67,7.17,0.61,0.64,1.037,WARNING,162.85,6.96,0.347,0.0435,59.28
B,106,165.65,7.31,0.6,0.63,0.968,WARNING,163.84,7.07,-0.069,0.0441,61.29
B,107,167.22,7.39,0.6,0.63,0.821,WARNING,164.86,7.17,-0.147,0.0442,61.87
B,108,168.86,7.52,0.8,0.62,1.368,WARNING,166.07,7.28,0.547,0.0445,64.17
B,109,170.35,7.63,0.63,0.61,0.482,WARNING,167.35,7.4,-0.886,0.0448,66.44
B,110,171.83,7.68,0.67,0.61,1.131,WARNING,168.78,7.51,0.649,0.0447,67.01
B,111,172.96,7.79,0.65,0.6,0.429,WARNING,170.24,7.6,-0.702,0.045,69.18
B,112,174.34,7.89,0.78,0.6,1.454,WARNING,171.67,7.7,1.025,0.0453,69.74
B,113,176.1,8.01,0.74,0.59,0.975,WARNING,173.12,7.8,-0.479,0.0455,72.2
B,114,177.71,8.13,0.62,0.59,1.26,WARNING,174.59,7.9,0.285,0.0457,72.86
B,115,178.66,8.28,0.61,0.58,0.383,WARNING,175.95,8.02,-0.877,0.0463,75.04
B,116,179.21,8.36,0.66,0.58,1.364,WARNING,177.2,8.13,0.981,0.0466,75.27
B,117,180.85,8.49,0.73,0.57,0.676,WARNING,178.51,8.25,-0.688,0.0469,77.77
B,118,181.34,8.57,0.7,0.56,1.1,WARNING,179.55,8.37,0.424,0.0473,79.79
B,119,183.05,8.64,0.75,0.56,1.288,WARNING,180.62,8.47,0.188,0.0472,80.54
B,120,184.62,8.74,0.59,0.55,1.538,WARNING,181.81,8.56,0.25,0.0473,83.08
B,121,185.88,8.85,0.76,0.55,1.277,WARNING,183.15,8.66,-0.261,0.0476,83.65
B,122,187.14,8.95,0.65,0.54,1.241,WARNING,184.41,8.75,-0.036,0.0478,86.08
B,123,188.16,9.08,0.65,0.54,1.327,WARNING,185.77,8.85,0.086,0.0483,86.55
B,124,188.55,9.18,0.63,0.53,1.026,WARNING,186.87,8.96,-0.301,0.0487,88.62
B,125,189.32,9.3,0.79,0.53,1.401,WARNING,187.81,9.07,0.375,0.0491,88.98
B,126,189.82,9.39,0.66,0.52,1.142,WARNING,188.6,9.18,-0.259,0.0495,91.11
B,127,190.52,9.46,0.65,0.51,0.445,WARNING,189.27,9.28,-0.697,0.0497,93.35
B,128,191.74,9.53,0.62,0.51,1.598,WARNING,189.99,9.37,1.153,0.0497,93.95
B,129,192.91,9.62,0.7,0.5,1.445,WARNING,190.86,9.46,-0.153,0.0499,96.46
B,130,193.96,9.7,0.81,0.5,0.335,WARNING,191.79,9.54,-1.11,0.05,96.98
B,131,195.71,9.77,0.59,0.5,0.829,WARNING,192.97,9.62,0.494,0.0499,97.86
B,132,197.33,9.88,0.71,0.5,1.006,WARNING,194.33,9.7,0.177,0.0501,98.66
B,133,198.28,10.02,0.76,0.5,1.391,WARNING,195.64,9.8,0.385,0.0505,99.14
B,134,199.18,10.13,0.71,0.5,0.592,WARNING,196.89,9.9,-0.799,0.0509,99.59
B,135,200.23,10.26,0.82,0.5,0.72,WARNING,198.15,10.01,0.128,0.0512,100.12
B,136,200.71,10.4,0.77,0.5,0.891,WARNING,199.15,10.14,0.171,0.0518,100.36
B,137,202.42,10.53,0.7,0.5,0.599,WARNING,200.16,10.27,-0.292,0.052,101.21
B,138,202.79,10.59,0.69,0.5,0.8,WARNING,201.07,10.38,0.201,0.0522,101.4
B,139,204.0,10.69,0.73,0.5,0.792,WARNING,202.03,10.49,-0.008,0.0524,102.0
B,140,165.15,7.8,0.87,0.44,3.697,CRITICAL,195.01,10.0,2.905,0.0472,92.48
B,141,170.96,8.21,0.96,0.43,3.699,CRITICAL,189.06,9.56,0.002,0.048,97.45
B,142,174.94,8.68,0.96,0.41,4.835,CRITICAL,183.57,9.19,1.136,0.0496,103.21
B,143,180.34,9.15,0.99,0.41,4.398,CRITICAL,179.08,8.91,-0.437,0.0507,106.4
B,144,185.97,9.66,0.92,0.39,5.386,CRITICAL,175.47,8.7,0.988,0.0519,113.44
B,145,189.15,10.12,0.83,0.38,5.865,CRITICAL,180.27,9.16,0.479,0.0535,117.27
B,146,194.37,10.33,0.8,0.37,2.94,CRITICAL,184.95,9.59,-2.925,0.0531,122.45
B,147,198.13,10.59,0.95,0.36,4.142,CRITICAL,189.59,9.97,1.202,0.0534,126.8
B,148,204.31,11.14,0.83,0.34,2.749,CRITICAL,194.39,10.37,-1.393,0.0545,134.84
B,149,207.64,11.47,0.86,0.33,4.602,CRITICAL,198.72,10.73,1.853,0.0552,139.12
B,150,210.83,12.03,0.95,0.32,3.917,CRITICAL,203.06,11.11,-0.685,0.0571,143.36
B,151,216.22,12.49,0.84,0.31,4.94,CRITICAL,207.43,11.54,1.023,0.0578,149.19
B,152,219.7,12.91,0.86,0.31,6.392,CRITICAL,211.74,12.01,1.452,0.0588,151.59
B,153,223.36,13.2,0.87,0.29,3.768,CRITICAL,215.55,12.42,-2.624,0.0591,158.59
B,154,229.59,13.71,0.94,0.29,2.987,CRITICAL,219.94,12.87,-0.781,0.0597,163.01
B,155,233.61,14.31,0.96,0.27,6.318,CRITICAL,224.5,13.32,3.331,0.0613,170.54
B,156,237.27,14.62,0.89,0.26,3.885,CRITICAL,228.71,13.75,-2.433,0.0616,175.58
B,157,240.8,15.01,0.99,0.25,4.654,CRITICAL,232.93,14.17,0.769,0.0623,180.6
B,158,246.09,15.27,0.85,0.24,4.847,CRITICAL,237.47,14.58,0.193,0.0621,187.03
B,159,251.26,15.68,0.88,0.23,2.71,CRITICAL,241.81,14.98,-2.137,0.0624,193.47
B,160,256.63,15.92,0.91,0.22,2.521,CRITICAL,246.41,15.3,-0.189,0.062,200.17
B,161,262.85,16.28,0.9,0.2,6.014,CRITICAL,251.53,15.63,3.493,0.0619,210.28
B,162,266.15,16.87,0.98,0.2,5.084,CRITICAL,256.6,16.0,-0.93,0.0634,212.92
B,163,269.01,17.3,0.99,0.19,5.392,CRITICAL,261.18,16.41,0.308,0.0643,217.9
B,164,275.16,17.57,0.98,0.17,3.203,CRITICAL,265.96,16.79,-2.189,0.0639,228.38
B,165,281.65,17.93,0.99,0.16,6.246,CRITICAL,270.96,17.19,3.043,0.0637,236.59
B,166,287.85,18.48,0.82,0.16,4.772,CRITICAL,275.96,17.63,-1.474,0.0642,241.79
B,167,294.28,18.79,0.9,0.14,4.673,CRITICAL,281.59,18.01,-0.099,0.0639,253.08
B,168,300.54,19.33,0.82,0.13,3.271,CRITICAL,287.9,18.42,-1.402,0.0643,261.47
B,169,303.69,19.72,0.95,0.12,3.245,CRITICAL,293.6,18.85,-0.026,0.0649,267.25
B,170,309.35,20.14,0.97,0.11,3.202,CRITICAL,299.14,19.29,-0.043,0.0651,275.32
B,171,315.44,20.67,0.93,0.1,2.847,CRITICAL,304.66,19.73,-0.355,0.0655,283.9
B,172,318.68,20.93,0.85,0.1,3.492,CRITICAL,309.54,20.16,0.645,0.0657,286.81
B,173,322.12,21.43,0.94,0.1,3.708,CRITICAL,313.86,20.58,0.216,0.0665,289.91
B,174,324.67,21.89,0.82,0.1,2.748,CRITICAL,318.05,21.01,-0.96,0.0674,292.2
B,175,328.39,22.26,0.94,0.1,6.08,CRITICAL,321.86,21.44,3.332,0.0678,295.55
B,176,332.14,22.5,0.92,0.1,3.68,CRITICAL,325.2,21.8,-2.4,0.0677,298.93
B,177,335.51,22.76,0.92,0.1,5.491,CRITICAL,328.57,22.17,1.811,0.0678,301.96
B,178,339.68,23.18,0.93,0.1,4.65,CRITICAL,332.08,22.52,-0.841,0.0682,305.71
B,179,343.05,23.47,0.82,0.1,5.993,CRITICAL,335.75,22.83,1.343,0.0684,308.74
B,180,347.34,23.96,0.81,0.1,4.757,CRITICAL,339.54,23.17,-1.236,0.069,312.61
B,181,352.03,24.36,0.87,0.1,3.099,CRITICAL,343.52,23.55,-1.658,0.0692,316.83
B,182,356.61,24.61,0.82,0.1,4.833,CRITICAL,347.74,23.92,1.734,0.069,320.95
B,183,361.15,25.13,0.89,0.1,4.553,CRITICAL,352.04,24.31,-0.28,0.0696,325.03
B,184,363.88,25.51,0.88,0.1,5.393,CRITICAL,356.2,24.71,0.84,0.0701,327.49
B,185,369.65,26.01,0.87,0.1,2.681,CRITICAL,360.66,25.12,-2.712,0.0704,332.68
B,186,372.4,26.61,0.99,0.1,2.776,CRITICAL,364.74,25.57,0.095,0.0715,335.16
B,187,375.03,26.97,1.0,0.1,5.563,CRITICAL,368.42,26.05,2.787,0.0719,337.53
B,188,380.11,27.34,0.97,0.1,4.03,CRITICAL,372.21,26.49,-1.533,0.0719,342.1
B,189,386.24,27.69,0.91,0.1,5.147,CRITICAL,376.69,26.92,1.117,0.0717,347.62
B,190,391.35,28.03,0.91,0.1,4.649,CRITICAL,381.03,27.33,-0.498,0.0716,352.22
B,191,396.77,28.32,0.86,0.1,2.591,CRITICAL,385.9,27.67,-2.058,0.0714,357.09
B,192,401.96,28.74,0.85,0.1,5.793,CRITICAL,391.29,28.02,3.202,0.0715,361.76
B,193,405.84,29.05,0.82,0.1,5.4,CRITICAL,396.43,28.37,-0.393,0.0716,365.26
B,194,411.58,29.42,0.8,0.1,6.035,CRITICAL,401.5,28.71,0.635,0.0715,370.42
B,195,414.91,29.66,0.94,0.1,4.891,CRITICAL,406.21,29.04,-1.144,0.0715,373.42
B,196,417.6,30.15,0.84,0.1,3.437,CRITICAL,410.38,29.4,-1.454,0.0722,375.84
B,197,423.56,30.37,0.96,0.1,3.657,CRITICAL,414.7,29.73,0.22,0.0717,381.2
B,198,428.98,30.7,0.86,0.1,5.19,CRITICAL,419.33,30.06,1.533,0.0716,386.08
B,199,432.69,30.96,0.86,0.1,3.384,CRITICAL,423.55,30.37,-1.806,0.0716,389.42
C,0,111.29,4.21,0.53,0.88,-0.003,SAFE,111.29,4.21,0.0,0.0378,13.35
C,1,111.77,4.25,0.54,0.94,-0.109,SAFE,111.53,4.23,-0.106,0.038,6.71
C,2,111.68,4.21,0.47,0.93,-0.016,SAFE,111.58,4.22,0.093,0.0377,7.82
C,3,112.03,4.19,0.55,0.94,0.249,SAFE,111.69,4.22,0.265,0.0374,6.72
C,4,112.09,4.24,0.51,0.84,-0.154,SAFE,111.77,4.22,-0.403,0.0378,17.93
C,5,111.8,4.26,0.6,0.95,-0.245,SAFE,111.87,4.23,-0.091,0.0381,5.59
C,6,112.02,4.22,0.44,0.92,0.062,SAFE,111.92,4.22,0.307,0.0377,8.96
C,7,112.4,4.19,0.56,0.93,0.035,SAFE,112.07,4.22,-0.027,0.0373,7.87
C,8,112.38,4.23,0.46,0.96,-0.291,SAFE,112.14,4.23,-0.326,0.0376,4.5
C,9,112.81,4.28,0.41,0.97,-0.013,SAFE,112.28,4.24,0.278,0.0379,3.38
C,10,112.56,4.29,0.43,0.96,0.031,SAFE,112.43,4.24,0.044,0.0381,4.5
C,11,112.83,4.28,0.51,0.87,-0.143,SAFE,112.6,4.25,-0.174,0.0379,14.67
C,12,112.84,4.27,0.4,0.97,-0.018,SAFE,112.68,4.27,0.125,0.0378,3.39
C,13,113.18,4.32,0.47,0.88,0.038,SAFE,112.84,4.29,0.056,0.0382,13.58
C,14,112.9,4.28,0.44,0.96,0.047,SAFE,112.86,4.29,0.009,0.0379,4.52
C,15,112.82,4.25,0.46,0.88,0.2,SAFE,112.91,4.28,0.153,0.0377,13.54
C,16,112.82,4.26,0.54,0.86,0.193,SAFE,112.91,4.28,-0.007,0.0378,15.79
C,17,113.29,4.28,0.5,0.85,0.177,SAFE,113.0,4.28,-0.016,0.0378,16.99
C,18,112.96,4.3,0.5,0.96,0.025,SAFE,112.96,4.27,-0.152,0.0381,4.52
C,19,113.1,4.25,0.39,0.95,0.267,SAFE,113.0,4.27,0.242,0.0376,5.66
C,20,113.27,4.28,0.48,0.95,-0.161,SAFE,113.09,4.27,-0.428,0.0378,5.66
C,21,113.47,4.23,0.5,0.88,0.071,SAFE,113.22,4.27,0.232,0.0373,13.62
C,22,113.64,4.24,0.5,0.89,-0.296,SAFE,113.29,4.26,-0.367,0.0373,12.5
C,23,113.69,4.19,0.51,0.86,0.286,SAFE,113.43,4.24,0.582,0.0369,15.92
C,24,113.21,4.23,0.54,0.94,0.246,SAFE,113.46,4.23,-0.04,0.0374,6.79
C,25,112.82,4.18,0.42,0.85,0.016,SAFE,113.37,4.21,-0.23,0.0371,16.92
C,26,113.13,4.16,0.48,0.88,-0.056,SAFE,113.3,4.2,-0.072,0.0368,13.58
C,27,113.2,4.21,0.43,0.92,0.209,SAFE,113.21,4.19,0.265,0.0372,9.06
C,28,113.35,4.25,0.56,0.83,-0.072,SAFE,113.14,4.21,-0.281,0.0375,19.27
C,29,113.4,4.2,0.38,0.85,-0.0,SAFE,113.18,4.2,0.072,0.037,17.01
C,30,113.34,4.23,0.52,0.95,-0.243,SAFE,113.28,4.21,-0.243,0.0373,5.67
C,31,113.37,4.18,0.43,0.95,0.233,SAFE,113.33,4.21,0.476,0.0369,5.67
C,32,113.34,4.14,0.4,0.96,0.24,SAFE,113.36,4.2,0.007,0.0365,4.53
C,33,113.4,4.09,0.6,0.87,0.277,SAFE,113.37,4.17,0.037,0.0361,14.74
C,34,113.49,4.12,0.55,0.88,-0.254,SAFE,113.39,4.15,-0.531,0.0363,13.62
C,35,113.15,4.09,0.58,0.88,0.238,SAFE,113.35,4.12,0.492,0.0361,13.58
C,36,112.99,4.12,0.41,0.97,0.134,SAFE,113.27,4.11,-0.104,0.0365,3.39
C,37,112.99,4.17,0.39,0.89,0.203,SAFE,113.2,4.12,0.069,0.0369,12.43
C,38,112.83,4.19,0.61,0.88,0.164,SAFE,113.09,4.14,-0.039,0.0371,13.54
C,39,112.36,4.17,0.62,0.89,-0.087,SAFE,112.86,4.15,-0.251,0.0371,12.36
C,40,112.8,4.16,0.54,0.92,-0.249,SAFE,112.79,4.16,-0.162,0.0369,9.02
C,41,112.92,4.19,0.55,0.83,-0.207,SAFE,112.78,4.18,0.042,0.0371,19.2
C,42,113.13,4.21,0.56,0.87,-0.236,SAFE,112.81,4.18,-0.029,0.0372,14.71
C,43,112.63,4.19,0.47,0.86,-0.22,SAFE,112.77,4.18,0.016,0.0372,15.77
C,44,112.32,4.18,0.51,0.88,-0.284,SAFE,112.76,4.19,-0.064,0.0372,13.48
C,45,112.17,4.14,0.52,0.87,-0.069,SAFE,112.63,4.18,0.215,0.0369,14.58
C,46,111.97,4.13,0.4,0.96,0.243,SAFE,112.44,4.17,0.312,0.0369,4.48
C,47,112.44,4.14,0.42,0.88,-0.217,SAFE,112.31,4.16,-0.46,0.0368,13.49
C,48,112.25,4.14,0.4,0.89,-0.047,SAFE,112.23,4.15,0.17,0.0369,12.35
C,49,112.23,4.09,0.44,0.86,0.075,SAFE,112.21,4.13,0.122,0.0364,15.71
C,50,112.32,4.06,0.41,0.87,0.269,SAFE,112.24,4.11,0.194,0.0361,14.6
C,51,112.16,4.08,0.57,0.87,-0.099,SAFE,112.28,4.1,-0.368,0.0364,14.58
C,52,112.47,4.11,0.61,0.84,-0.108,SAFE,112.29,4.1,-0.009,0.0365,18.0
C,53,112.92,4.08,0.46,0.96,0.281,SAFE,112.42,4.08,0.389,0.0361,4.52
C,54,112.71,4.1,0.5,0.91,-0.155,SAFE,112.52,4.09,-0.436,0.0364,10.14
C,55,112.59,4.13,0.47,0.84,0.038,SAFE,112.57,4.1,0.193,0.0367,18.01
C,56,112.68,4.14,0.54,0.9,0.272,SAFE,112.67,4.11,0.234,0.0367,11.27
C,57,112.64,4.16,0.49,0.86,0.116,SAFE,112.71,4.12,-0.156,0.0369,15.77
C,58,112.96,4.19,0.48,0.89,0.08,SAFE,112.72,4.14,-0.036,0.0371,12.43
C,59,112.7,4.2,0.55,0.94,-0.256,SAFE,112.71,4.16,-0.336,0.0373,6.76
C,60,113.19,4.2,0.48,0.9,0.252,SAFE,112.83,4.18,0.508,0.0371,11.32
C,61,113.38,4.21,0.57,0.87,0.237,SAFE,112.97,4.19,-0.015,0.0371,14.74
C,62,113.42,4.22,0.4,0.94,0.095,SAFE,113.13,4.2,-0.142,0.0372,6.81
C,63,113.28,4.23,0.39,0.97,0.106,SAFE,113.19,4.21,0.011,0.0373,3.4
C,64,113.18,4.26,0.61,0.88,-0.294,SAFE,113.29,4.22,-0.4,0.0376,13.58
C,65,112.93,4.26,0.5,0.91,0.045,SAFE,113.24,4.24,0.339,0.0377,10.16
C,66,112.88,4.25,0.57,0.91,0.0,SAFE,113.14,4.24,-0.045,0.0377,10.16
C,67,112.72,4.2,0.41,0.88,0.277,SAFE,113.0,4.24,0.277,0.0373,13.53
C,68,112.34,4.25,0.41,0.87,-0.027,SAFE,112.81,4.24,-0.304,0.0378,14.6
C,69,112.05,4.24,0.49,0.89,0.118,SAFE,112.58,4.24,0.145,0.0378,12.33
C,70,111.87,4.22,0.57,0.84,0.21,SAFE,112.37,4.23,0.092,0.0377,17.9
C,71,112.01,4.24,0.42,0.97,-0.154,SAFE,112.2,4.23,-0.364,0.0379,3.36
C,72,111.69,4.21,0.51,0.96,-0.161,SAFE,111.99,4.23,-0.007,0.0377,4.47
C,73,111.59,4.18,0.53,0.88,-0.282,SAFE,111.84,4.22,-0.121,0.0375,13.39
C,74,111.71,4.15,0.52,0.88,0.123,SAFE,111.77,4.2,0.405,0.0371,13.41
C,75,111.41,4.17,0.57,0.83,-0.239,SAFE,111.68,4.19,-0.362,0.0374,18.94
C,76,111.79,4.14,0.46,0.89,-0.143,SAFE,111.64,4.17,0.096,0.037,12.3
C,77,112.15,4.14,0.53,0.91,0.067,SAFE,111.73,4.16,0.21,0.0369,10.09
C,78,112.24,4.13,0.58,0.91,0.188,SAFE,111.86,4.15,0.121,0.0368,10.1
C,79,112.44,4.11,0.53,0.83,-0.22,SAFE,112.01,4.14,-0.408,0.0366,19.11
C,80,136.76,4.67,0.7,0.78,1.34,WARNING,117.08,4.24,1.56,0.0341,30.09
C,81,137.26,4.76,0.73,0.77,0.579,WARNING,122.17,4.36,-0.761,0.0347,31.57
C,82,138.53,4.91,0.7,0.76,1.132,WARNING,127.45,4.52,0.553,0.0354,33.25
C,83,139.3,5.0,0.67,0.76,0.38,WARNING,132.86,4.69,-0.752,0.0359,33.43
C,84,139.81,5.13,0.7,0.76,1.746,WARNING,138.33,4.89,1.366,0.0367,33.55
C,85,141.14,5.22,0.7,0.75,1.56,WARNING,139.21,5.0,-0.186,0.037,35.28
C,86,141.48,5.35,0.65,0.75,0.738,WARNING,140.05,5.12,-0.822,0.0378,35.37
C,87,142.04,5.45,0.76,0.74,1.414,WARNING,140.75,5.23,0.676,0.0384,36.93
C,88,142.5,5.51,0.78,0.74,1.463,WARNING,141.39,5.33,0.049,0.0387,37.05
C,89,144.04,5.56,0.71,0.73,1.378,WARNING,142.24,5.42,-0.085,0.0386,38.89
C,90,144.49,5.7,0.65,0.72,1.427,WARNING,142.91,5.51,0.049,0.0394,40.46
C,91,145.47,5.78,0.69,0.72,1.525,WARNING,143.71,5.6,0.098,0.0397,40.73
C,92,146.93,5.85,0.72,0.71,1.516,WARNING,144.69,5.68,-0.009,0.0398,42.61
C,93,148.3,5.97,0.61,0.7,0.549,WARNING,145.85,5.77,-0.967,0.0403,44.49
C,94,148.91,6.02,0.65,0.7,0.826,WARNING,146.82,5.86,0.277,0.0404,44.67
C,95,149.69,6.14,0.64,0.69,0.734,WARNING,147.86,5.95,-0.092,0.041,46.4
C,96,151.47,6.26,0.81,0.69,0.443,WARNING,149.06,6.05,-0.291,0.0413,46.96
C,97,153.15,6.41,0.61,0.68,1.601,WARNING,150.3,6.16,1.158,0.0419,49.01
C,98,153.82,6.53,0.76,0.67,1.543,WARNING,151.41,6.27,-0.058,0.0425,50.76
C,99,154.86,6.64,0.68,0.67,0.703,WARNING,152.6,6.4,-0.84,0.0429,51.1
C,100,156.11,6.78,0.7,0.66,0.44,WARNING,153.88,6.52,-0.263,0.0434,53.08
C,101,157.81,6.86,0.66,0.66,1.725,WARNING,155.15,6.64,1.285,0.0435,53.66
C,102,159.27,6.99,0.69,0.65,1.396,WARNING,156.37,6.76,-0.329,0.0439,55.74
C,103,160.11,7.04,0.63,0.65,1.102,WARNING,157.63,6.86,-0.294,0.044,56.04
C,104,160.73,7.12,0.66,0.64,1.543,WARNING,158.81,6.96,0.441,0.0443,57.86
C,105,161.88,7.22,0.74,0.64,0.816,WARNING,159.96,7.05,-0.727,0.0446,58.28
C,106,162.33,7.35,0.61,0.63,0.989,WARNING,160.86,7.14,0.173,0.0453,60.06
C,107,163.29,7.4,0.63,0.63,1.737,WARNING,161.67,7.23,0.748,0.0453,60.42
C,108,163.79,7.51,0.8,0.62,0.538,WARNING,162.4,7.32,-1.199,0.0459,62.24
C,109,165.07,7.59,0.8,0.62,0.858,WARNING,163.27,7.41,0.32,0.046,62.73
C,110,165.96,7.67,0.64,0.61,1.349,WARNING,164.09,7.5,0.491,0.0462,64.72
C,111,167.32,7.72,0.61,0.61,1.015,WARNING,165.09,7.58,-0.334,0.0461,65.25
C,112,168.64,7.77,0.78,0.6,1.343,WARNING,166.16,7.65,0.328,0.0461,67.46
C,113,169.57,7.83,0.67,0.59,0.406,WARNING,167.31,7.72,-0.937,0.0462,69.52
C,114,170.03,7.91,0.61,0.59,1.621,WARNING,168.3,7.78,1.215,0.0465,69.71
C,115,171.46,7.98,0.61,0.58,1.789,WARNING,169.4,7.84,0.168,0.0465,72.01
C,116,171.77,8.09,0.75,0.57,0.96,WARNING,170.29,7.92,-0.829,0.0471,73.86
C,117,172.3,8.18,0.79,0.57,1.33,WARNING,171.03,8.0,0.37,0.0475,74.09
C,118,172.75,8.31,0.67,0.56,1.184,WARNING,171.66,8.09,-0.146,0.0481,76.01
C,119,173.52,8.37,0.6,0.56,0.715,WARNING,172.36,8.19,-0.469,0.0482,76.35
C,120,174.72,8.48,0.75,0.55,1.468,WARNING,173.01,8.29,0.753,0.0485,78.62
C,121,176.01,8.56,0.7,0.54,1.077,WARNING,173.86,8.38,-0.391,0.0486,80.96
C,122,176.75,8.62,0.81,0.54,1.647,WARNING,174.75,8.47,0.57,0.0488,81.3
C,123,177.22,8.72,0.71,0.53,1.191,WARNING,175.64,8.55,-0.456,0.0492,83.29
C,124,179.0,8.86,0.79,0.52,0.498,WARNING,176.74,8.65,-0.693,0.0495,85.92
C,125,179.85,8.98,0.81,0.52,1.444,WARNING,177.77,8.75,0.946,0.0499,86.33
C,126,180.17,9.04,0.59,0.51,0.693,WARNING,178.6,8.84,-0.751,0.0502,88.28
C,127,181.66,9.14,0.7,0.51,1.243,WARNING,179.58,8.95,0.55,0.0503,89.01
C,128,183.01,9.2,0.73,0.5,1.105,WARNING,180.74,9.04,-0.138,0.0503,91.5
C,129,183.77,9.3,0.77,0.5,0.605,WARNING,181.69,9.13,-0.5,0.0506,91.88
C,130,184.66,9.41,0.74,0.5,1.552,WARNING,182.65,9.22,0.947,0.051,92.33
C,131,186.01,9.53,0.59,0.5,1.57,WARNING,183.82,9.32,0.018,0.0512,93.0
C,132,186.96,9.63,0.65,0.5,1.213,WARNING,184.88,9.41,-0.357,0.0515,93.48
C,133,188.37,9.69,0.75,0.5,1.362,WARNING,185.95,9.51,0.149,0.0514,94.18
C,134,190.1,9.79,0.75,0.5,1.474,WARNING,187.22,9.61,0.112,0.0515,95.05
C,135,190.59,9.92,0.79,0.5,0.703,WARNING,188.41,9.71,-0.771,0.052,95.3
C,136,190.93,10.05,0.6,0.5,0.708,WARNING,189.39,9.82,0.005,0.0526,95.46
C,137,192.1,10.11,0.67,0.5,0.983,WARNING,190.42,9.91,0.275,0.0526,96.05
C,138,193.25,10.2,0.6,0.5,0.683,WARNING,191.39,10.01,-0.3,0.0528,96.62
C,139,194.63,10.27,0.59,0.5,1.063,WARNING,192.3,10.11,0.38,0.0528,97.32
C,140,167.95,7.5,0.83,0.44,4.032,CRITICAL,187.77,9.63,2.969,0.0447,94.05
C,141,174.18,8.04,0.95,0.43,6.156,CRITICAL,184.42,9.22,2.124,0.0462,99.28
C,142,178.35,8.37,0.85,0.42,5.381,CRITICAL,181.67,8.88,-0.775,0.0469,103.44
C,143,181.17,8.72,0.84,0.41,6.108,CRITICAL,179.26,8.58,0.727,0.0481,106.89
C,144,186.88,9.31,0.89,0.4,2.776,CRITICAL,177.71,8.39,-3.332,0.0498,112.13
C,145,190.51,9.85,0.8,0.39,4.712,CRITICAL,182.22,8.86,1.936,0.0517,116.21
C,146,193.81,10.27,0.89,0.38,4.991,CRITICAL,186.14,9.3,0.279,0.053,120.16
C,147,198.68,10.67,0.98,0.37,3.282,CRITICAL,190.21,9.76,-1.709,0.0537,125.17
C,148,204.22,10.97,0.85,0.36,4.14,CRITICAL,194.82,10.21,0.858,0.0537,130.7
C,149,208.11,11.51,0.8,0.35,6.304,CRITICAL,199.07,10.65,2.164,0.0553,135.27
C,150,213.24,12.05,0.91,0.34,2.916,CRITICAL,203.61,11.09,-3.388,0.0565,140.74
C,151,216.69,12.44,0.94,0.33,6.488,CRITICAL,208.19,11.53,3.572,0.0574,145.18
C,152,219.56,13.01,0.94,0.32,4.579,CRITICAL,212.36,12.0,-1.909,0.0593,149.3
C,153,223.55,13.6,0.83,0.31,2.882,CRITICAL,216.23,12.52,-1.697,0.0608,154.25
C,154,229.33,13.83,0.99,0.3,4.24,CRITICAL,220.47,12.99,1.358,0.0603,160.53
C,155,232.78,14.13,0.94,0.29,5.703,CRITICAL,224.38,13.4,1.463,0.0607,165.27
C,156,238.22,14.46,0.84,0.28,2.799,CRITICAL,228.69,13.81,-2.904,0.0607,171.52
C,157,243.84,14.9,0.89,0.28,3.157,CRITICAL,233.54,14.18,0.358,0.0611,175.56
C,158,247.97,15.31,0.86,0.26,3.331,CRITICAL,238.43,14.53,0.174,0.0617,183.5
C,159,251.53,15.56,0.97,0.26,5.244,CRITICAL,242.87,14.87,1.913,0.0619,186.13
C,160,256.81,15.77,0.82,0.24,3.811,CRITICAL,247.67,15.2,-1.433,0.0614,195.18
C,161,260.31,16.12,0.85,0.23,5.209,CRITICAL,252.09,15.53,1.398,0.0619,200.44
C,162,266.77,16.33,0.95,0.22,4.309,CRITICAL,256.68,15.82,-0.9,0.0612,208.08
C,163,270.27,16.71,0.8,0.21,3.059,CRITICAL,261.14,16.1,-1.25,0.0618,213.51
C,164,276.09,17.31,0.87,0.2,5.795,CRITICAL,266.05,16.45,2.736,0.0627,220.87
C,165,281.11,17.77,0.96,0.19,3.535,CRITICAL,270.91,16.85,-2.26,0.0632,227.7
C,166,283.7,17.99,0.83,0.18,4.274,CRITICAL,275.59,17.22,0.739,0.0634,232.63
C,167,289.82,18.52,0.89,0.17,2.671,CRITICAL,280.2,17.66,-1.603,0.0639,240.55
C,168,292.99,18.95,0.81,0.16,4.08,CRITICAL,284.74,18.11,1.409,0.0647,246.11
C,169,298.22,19.22,0.86,0.15,3.249,CRITICAL,289.17,18.49,-0.831,0.0644,253.49
C,170,304.26,19.44,0.86,0.14,3.483,CRITICAL,293.8,18.82,0.234,0.0639,261.66
C,171,308.41,19.86,0.83,0.13,3.619,CRITICAL,298.74,19.2,0.136,0.0644,268.32
C,172,311.7,20.41,0.96,0.12,5.023,CRITICAL,303.12,19.58,1.404,0.0655,274.3
C,173,317.38,21.0,0.91,0.11,3.936,CRITICAL,307.99,19.99,-1.087,0.0662,282.47
C,174,321.82,21.57,0.84,0.1,4.054,CRITICAL,312.71,20.46,0.118,0.067,289.64
C,175,325.6,21.86,0.81,0.1,5.614,CRITICAL,316.98,20.94,1.56,0.0671,293.04
C,176,332.06,22.27,0.99,0.1,6.498,CRITICAL,321.71,21.42,0.884,0.0671,298.85
C,177,334.96,22.73,0.98,0.1,5.765,CRITICAL,326.36,21.89,-0.733,0.0679,301.46
C,178,337.69,23.33,0.96,0.1,5.886,CRITICAL,330.43,22.35,0.121,0.0691,303.92
C,179,341.61,23.87,0.92,0.1,3.204,CRITICAL,334.38,22.81,-2.682,0.0699,307.45
C,180,347.33,24.35,0.94,0.1,2.613,CRITICAL,338.73,23.31,-0.591,0.0701,312.6
C,181,353.62,24.77,1.0,0.1,3.253,CRITICAL,343.04,23.81,0.64,0.07,318.26
C,182,359.65,25.17,0.82,0.1,4.462,CRITICAL,347.98,24.3,1.209,0.07,323.68
C,183,363.08,25.46,0.98,0.1,2.503,CRITICAL,353.06,24.72,-1.959,0.0701,326.77
C,184,366.39,25.71,0.97,0.1,6.175,CRITICAL,358.01,25.09,3.672,0.0702,329.75
C,185,370.18,25.92,0.95,0.1,6.169,CRITICAL,362.58,25.41,-0.006,0.07,333.16
C,186,376.07,26.46,0.99,0.1,3.994,CRITICAL,367.07,25.74,-2.175,0.0704,338.46
C,187,380.15,26.7,0.83,0.1,3.046,CRITICAL,371.17,26.05,-0.948,0.0702,342.14
C,188,386.44,27.22,0.83,0.1,5.097,CRITICAL,375.85,26.4,2.051,0.0704,347.8
C,189,392.82,27.7,0.84,0.1,5.648,CRITICAL,381.13,26.8,0.551,0.0705,353.54
C,190,397.67,27.97,0.83,0.1,5.254,CRITICAL,386.63,27.21,-0.394,0.0703,357.9
C,191,403.09,28.54,1.0,0.1,4.066,CRITICAL,392.03,27.63,-1.188,0.0708,362.78
C,192,409.45,28.76,0.99,0.1,6.184,CRITICAL,397.89,28.04,2.118,0.0702,368.5
C,193,412.83,29.18,0.95,0.1,3.063,CRITICAL,403.17,28.43,-3.121,0.0707,371.55
C,194,416.29,29.78,0.82,0.1,6.041,CRITICAL,407.87,28.85,2.978,0.0715,374.66
C,195,421.62,30.23,0.85,0.1,4.287,CRITICAL,412.66,29.3,-1.754,0.0717,379.46
C,196,425.12,30.46,0.8,0.1,2.932,CRITICAL,417.06,29.68,-1.355,0.0717,382.61
C,197,429.16,30.95,0.9,0.1,6.038,CRITICAL,421.0,30.12,3.106,0.0721,386.24
C,198,433.18,31.37,0.97,0.1,4.418,CRITICAL,425.07,30.56,-1.62,0.0724,389.86
C,199,438.28,31.85,0.97,0.1,2.795,CRITICAL,429.47,30.97,-1.623,0.0727,394.45
D,0,114.88,3.68,0.42,0.88,0.139,SAFE,114.88,3.68,0.0,0.032,13.79
D,1,114.92,3.72,0.4,0.91,0.068,SAFE,114.9,3.7,-0.071,0.0324,10.34
D,2,114.91,3.67,0.61,0.84,0.234,SAFE,114.9,3.69,0.166,0.0319,18.39
D,3,114.56,3.63,0.43,0.85,0.118,SAFE,114.82,3.68,-0.116,0.0317,17.18
D,4,114.78,3.66,0.44,0.86,-0.157,SAFE,114.81,3.67,-0.275,0.0319,16.07
D,5,114.33,3.66,0.58,0.84,-0.084,SAFE,114.7,3.67,0.073,0.032,18.29
D,6,114.26,3.64,0.54,0.91,-0.18,SAFE,114.57,3.65,-0.096,0.0319,10.28
D,7,113.79,3.61,0.45,0.83,0.206,SAFE,114.34,3.64,0.386,0.0317,19.34
D,8,113.6,3.6,0.5,0.92,-0.245,SAFE,114.15,3.63,-0.451,0.0317,9.09
D,9,113.64,3.57,0.59,0.88,-0.033,SAFE,113.92,3.62,0.212,0.0314,13.64
D,10,113.4,3.57,0.43,0.86,-0.263,SAFE,113.74,3.6,-0.23,0.0315,15.88
D,11,113.66,3.58,0.4,0.87,0.025,SAFE,113.62,3.59,0.288,0.0315,14.78
D,12,114.13,3.59,0.51,0.95,0.191,SAFE,113.69,3.58,0.166,0.0315,5.71
D,13,114.04,3.59,0.59,0.89,0.229,SAFE,113.77,3.58,0.038,0.0315,12.54
D,14,114.02,3.55,0.6,0.93,0.001,SAFE,113.85,3.58,-0.228,0.0311,7.98
D,15,114.42,3.58,0.54,0.91,-0.228,SAFE,114.05,3.58,-0.229,0.0313,10.3
D,16,114.68,3.55,0.62,0.97,0.185,SAFE,114.26,3.57,0.413,0.031,3.44
D,17,114.3,3.54,0.62,0.89,0.298,SAFE,114.29,3.56,0.113,0.031,12.57
D,18,114.43,3.58,0.44,0.96,0.249,SAFE,114.37,3.56,-0.049,0.0313,4.58
D,19,114.0,3.56,0.48,0.87,-0.134,SAFE,114.37,3.56,-0.383,0.0312,14.82
D,20,113.96,3.6,0.57,0.91,0.014,SAFE,114.27,3.57,0.148,0.0316,10.26
D,21,113.88,3.59,0.42,0.91,0.155,SAFE,114.11,3.57,0.141,0.0315,10.25
D,22,114.32,3.64,0.52,0.84,-0.128,SAFE,114.12,3.59,-0.283,0.0318,18.29
D,23,114.35,3.62,0.48,0.88,-0.009,SAFE,114.1,3.6,0.119,0.0317,13.72
D,24,114.46,3.57,0.45,0.84,0.065,SAFE,114.19,3.6,0.074,0.0312,18.31
D,25,114.65,3.53,0.59,0.87,-0.157,SAFE,114.33,3.59,-0.222,0.0308,14.9
D,26,114.9,3.57,0.6,0.82,0.19,SAFE,114.54,3.59,0.347,0.0311,20.68
D,27,114.7,3.55,0.5,0.92,-0.241,SAFE,114.61,3.57,-0.431,0.031,9.18
D,28,115.07,3.51,0.61,0.89,0.195,SAFE,114.76,3.55,0.436,0.0305,12.66
D,29,114.84,3.5,0.53,0.85,-0.173,SAFE,114.83,3.53,-0.368,0.0305,17.23
D,30,115.17,3.53,0.56,0.95,0.193,SAFE,114.94,3.53,0.366,0.0307,5.76
D,31,115.18,3.49,0.45,0.9,-0.219,SAFE,114.99,3.52,-0.412,0.0303,11.52
D,32,115.53,3.53,0.39,0.85,0.2,SAFE,115.16,3.51,0.419,0.0306,17.33
D,33,115.87,3.51,0.49,0.96,0.123,SAFE,115.32,3.51,-0.077,0.0303,4.63
D,34,115.64,3.54,0.5,0.92,-0.226,SAFE,115.48,3.52,-0.349,0.0306,9.25
D,35,115.17,3.53,0.52,0.85,0.222,SAFE,115.48,3.52,0.448,0.0307,17.28
D,36,115.26,3.51,0.42,0.95,0.149,SAFE,115.49,3.52,-0.073,0.0305,5.76
D,37,115.45,3.49,0.47,0.84,0.043,SAFE,115.48,3.52,-0.106,0.0302,18.47
D,38,115.91,3.52,0.54,0.92,-0.139,SAFE,115.49,3.52,-0.182,0.0304,9.27
D,39,115.82,3.48,0.57,0.94,-0.295,SAFE,115.52,3.51,-0.156,0.03,6.95
D,40,116.24,3.49,0.52,0.82,-0.149,SAFE,115.74,3.5,0.146,0.03,20.92
D,41,116.54,3.47,0.61,0.92,-0.046,SAFE,115.99,3.49,0.103,0.0298,9.32
D,42,116.42,3.46,0.44,0.89,0.106,SAFE,116.19,3.48,0.152,0.0297,12.81
D,43,116.74,3.45,0.4,0.9,0.097,SAFE,116.35,3.47,-0.009,0.0296,11.67
D,44,117.08,3.43,0.54,0.91,-0.121,SAFE,116.6,3.46,-0.218,0.0293,10.54
D,45,116.69,3.39,0.62,0.92,0.217,SAFE,116.69,3.44,0.338,0.0291,9.34
D,46,116.45,3.41,0.59,0.86,-0.21,SAFE,116.68,3.43,-0.427,0.0293,16.3
D,47,116.72,3.45,0.57,0.94,0.06,SAFE,116.74,3.43,0.27,0.0296,7.0
D,48,116.88,3.47,0.55,0.92,0.298,SAFE,116.76,3.43,0.238,0.0297,9.35
D,49,116.64,3.46,0.47,0.83,0.125,SAFE,116.68,3.44,-0.173,0.0297,19.83
D,50,116.71,3.43,0.55,0.85,0.021,SAFE,116.68,3.44,-0.104,0.0294,17.51
D,51,117.0,3.47,0.54,0.9,0.207,SAFE,116.79,3.46,0.186,0.0297,11.7
D,52,117.34,3.51,0.42,0.83,-0.223,SAFE,116.91,3.47,-0.43,0.0299,19.95
D,53,117.1,3.54,0.56,0.85,0.108,SAFE,116.96,3.48,0.331,0.0302,17.57
D,54,116.93,3.5,0.47,0.93,-0.116,SAFE,117.02,3.49,-0.224,0.0299,8.19
D,55,117.22,3.48,0.44,0.86,0.211,SAFE,117.12,3.5,0.327,0.0297,16.41
D,56,117.19,3.52,0.52,0.96,-0.257,SAFE,117.16,3.51,-0.468,0.03,4.69
D,57,117.58,3.52,0.59,0.88,-0.121,SAFE,117.2,3.51,0.136,0.0299,14.11
D,58,117.13,3.55,0.41,0.85,-0.054,SAFE,117.21,3.51,0.067,0.0303,17.57
D,59,117.2,3.59,0.49,0.87,0.129,SAFE,117.26,3.53,0.183,0.0306,15.24
D,60,117.48,3.59,0.53,0.85,0.081,SAFE,117.32,3.55,-0.048,0.0306,17.62
D,61,116.99,3.57,0.56,0.85,0.159,SAFE,117.28,3.56,0.078,0.0305,17.55
D,62,116.98,3.6,0.4,0.91,0.08,SAFE,117.16,3.58,-0.079,0.0308,10.53
D,63,116.88,3.64,0.47,0.83,-0.18,SAFE,117.11,3.6,-0.26,0.0311,19.87
D,64,116.75,3.59,0.46,0.94,-0.186,SAFE,117.02,3.6,-0.006,0.0307,7.01
D,65,116.93,3.61,0.44,0.92,-0.093,SAFE,116.91,3.6,0.093,0.0309,9.35
D,66,116.56,3.6,0.52,0.85,0.194,SAFE,116.82,3.61,0.287,0.0309,17.48
D,67,116.36,3.57,0.55,0.91,-0.097,SAFE,116.7,3.6,-0.291,0.0307,10.47
D,68,116.74,3.62,0.46,0.96,-0.084,SAFE,116.67,3.6,0.013,0.031,4.67
D,69,116.43,3.67,0.6,0.88,-0.163,SAFE,116.6,3.61,-0.079,0.0315,13.97
D,70,116.66,3.63,0.56,0.91,-0.199,SAFE,116.55,3.62,-0.036,0.0311,10.5
D,71,116.53,3.65,0.39,0.95,-0.147,SAFE,116.54,3.63,0.052,0.0313,5.83
D,72,116.56,3.6,0.62,0.92,0.092,SAFE,116.58,3.63,0.239,0.0309,9.32
D,73,116.08,3.62,0.48,0.88,0.028,SAFE,116.45,3.63,-0.064,0.0312,13.93
D,74,116.06,3.59,0.55,0.91,-0.119,SAFE,116.38,3.62,-0.147,0.0309,10.45
D,75,116.22,3.6,0.44,0.91,-0.218,SAFE,116.29,3.61,-0.099,0.031,10.46
D,76,116.55,3.56,0.55,0.84,-0.232,SAFE,116.29,3.59,-0.014,0.0305,18.65
D,77,116.15,3.53,0.43,0.86,0.014,SAFE,116.21,3.58,0.246,0.0304,16.26
D,78,115.86,3.55,0.45,0.83,-0.002,SAFE,116.17,3.57,-0.016,0.0306,19.7
D,79,115.56,3.6,0.46,0.82,0.103,SAFE,116.07,3.57,0.105,0.0312,20.8
D,80,137.55,4.72,0.6,0.77,0.524,WARNING,120.33,3.79,0.421,0.0343,31.64
D,81,138.94,4.78,0.64,0.77,0.684,WARNING,124.81,4.04,0.16,0.0344,31.96
D,82,139.68,4.87,0.62,0.76,0.45,WARNING,129.52,4.3,-0.234,0.0349,33.52
D,83,140.42,5.0,0.76,0.76,0.769,WARNING,134.43,4.59,0.319,0.0356,33.7
D,84,141.86,5.06,0.74,0.75,1.578,WARNING,139.69,4.89,0.809,0.0357,35.47
D,85,142.69,5.15,0.79,0.75,1.233,WARNING,140.72,4.97,-0.345,0.0361,35.67
D,86,144.21,5.22,0.81,0.74,0.901,WARNING,141.77,5.06,-0.332,0.0362,37.49
D,87,145.09,5.36,0.74,0.74,1.5,WARNING,142.85,5.16,0.599,0.0369,37.72
D,88,145.56,5.47,0.81,0.73,0.388,WARNING,143.88,5.25,-1.112,0.0376,39.3
D,89,146.49,5.58,0.74,0.73,1.503,WARNING,144.81,5.36,1.115,0.0381,39.55
D,90,147.36,5.67,0.74,0.73,0.343,WARNING,145.74,5.46,-1.16,0.0385,39.79
D,91,149.12,5.73,0.61,0.72,1.681,WARNING,146.72,5.56,1.338,0.0384,41.75
D,92,149.49,5.81,0.75,0.71,0.771,WARNING,147.6,5.65,-0.91,0.0389,43.35
D,93,150.94,5.92,0.81,0.71,1.148,WARNING,148.68,5.74,0.377,0.0392,43.77
D,94,151.74,6.02,0.6,0.7,1.351,WARNING,149.73,5.83,0.203,0.0397,45.52
D,95,152.42,6.1,0.67,0.69,1.314,WARNING,150.74,5.92,-0.037,0.04,47.25
D,96,153.55,6.25,0.73,0.69,0.382,WARNING,151.63,6.02,-0.932,0.0407,47.6
D,97,155.13,6.39,0.6,0.68,1.604,WARNING,152.76,6.14,1.222,0.0412,49.64
D,98,155.79,6.53,0.63,0.68,0.376,WARNING,153.73,6.26,-1.228,0.0419,49.85
D,99,156.69,6.61,0.77,0.67,0.989,WARNING,154.72,6.38,0.613,0.0422,51.71
D,100,158.28,6.7,0.7,0.67,0.478,WARNING,155.89,6.5,-0.511,0.0423,52.23
D,101,158.73,6.79,0.58,0.66,1.136,WARNING,156.92,6.6,0.658,0.0428,53.97
D,102,159.94,6.91,0.7,0.66,0.757,WARNING,157.89,6.71,-0.379,0.0432,54.38
D,103,161.25,7.05,0.59,0.65,0.845,WARNING,158.98,6.81,0.088,0.0437,56.44
D,104,162.23,7.16,0.69,0.65,1.23,WARNING,160.09,6.92,0.385,0.0441,56.78
D,105,163.6,7.22,0.63,0.64,1.439,WARNING,161.15,7.03,0.209,0.0441,58.9
D,106,165.15,7.36,0.71,0.64,0.738,WARNING,162.43,7.14,-0.701,0.0446,59.45
D,107,165.52,7.43,0.75,0.63,0.511,WARNING,163.55,7.24,-0.227,0.0449,61.24
D,108,165.98,7.54,0.8,0.62,0.581,WARNING,164.5,7.34,0.07,0.0454,63.07
D,109,166.96,7.67,0.61,0.62,1.375,WARNING,165.44,7.44,0.794,0.0459,63.44
D,110,168.65,7.8,0.77,0.61,1.183,WARNING,166.45,7.56,-0.192,0.0462,65.77
D,111,169.94,7.95,0.7,0.61,0.502,WARNING,167.41,7.68,-0.681,0.0468,66.28
D,112,170.31,8.09,0.7,0.6,1.558,WARNING,168.37,7.81,1.056,0.0475,68.12
D,113,171.99,8.16,0.76,0.6,1.168,WARNING,169.57,7.93,-0.39,0.0474,68.8
D,114,172.87,8.27,0.7,0.59,1.624,WARNING,170.75,8.05,0.456,0.0478,70.88
D,115,174.64,8.41,0.65,0.59,1.444,WARNING,171.95,8.18,-0.18,0.0482,71.6
D,116,176.4,8.51,0.68,0.58,0.5,WARNING,173.24,8.29,-0.944,0.0482,74.09
D,117,177.82,8.59,0.79,0.58,1.352,WARNING,174.74,8.39,0.852,0.0483,74.68
D,118,179.53,8.7,0.73,0.57,0.601,WARNING,176.25,8.5,-0.751,0.0485,77.2
D,119,180.34,8.82,0.74,0.56,1.772,WARNING,177.75,8.61,1.171,0.0489,79.35
D,120,181.4,8.94,0.61,0.56,0.784,WARNING,179.1,8.71,-0.988,0.0493,79.82
D,121,182.42,9.04,0.68,0.55,1.301,WARNING,180.3,8.82,0.517,0.0496,82.09
D,122,183.98,9.12,0.77,0.55,1.571,WARNING,181.53,8.92,0.27,0.0496,82.79
D,123,184.32,9.19,0.63,0.54,1.305,WARNING,182.49,9.02,-0.266,0.0499,84.79
D,124,184.86,9.27,0.78,0.53,0.676,WARNING,183.4,9.11,-0.629,0.0501,86.88
D,125,185.6,9.39,0.78,0.53,0.348,WARNING,184.24,9.2,-0.328,0.0506,87.23
D,126,187.21,9.52,0.76,0.52,1.597,WARNING,185.19,9.3,1.249,0.0509,89.86
D,127,187.86,9.64,0.65,0.52,1.498,WARNING,185.97,9.4,-0.099,0.0513,90.17
D,128,189.55,9.73,0.81,0.51,1.735,WARNING,187.02,9.51,0.237,0.0513,92.88
D,129,190.68,9.78,0.73,0.51,0.677,WARNING,188.18,9.61,-1.058,0.0513,93.43
D,130,192.29,9.92,0.75,0.5,1.667,WARNING,189.52,9.72,0.99,0.0516,96.14
D,131,193.72,10.02,0.77,0.5,1.205,WARNING,190.82,9.82,-0.462,0.0517,96.86
D,132,194.46,10.09,0.62,0.5,1.324,WARNING,192.14,9.91,0.119,0.0519,97.23
D,133,195.53,10.18,0.71,0.5,0.943,WARNING,193.34,10.0,-0.381,0.0521,97.76
D,134,196.71,10.25,0.75,0.5,0.796,WARNING,194.54,10.09,-0.147,0.0521,98.36
D,135,197.24,10.34,0.8,0.5,0.376,WARNING,195.53,10.18,-0.42,0.0524,98.62
D,136,198.53,10.43,0.67,0.5,1.159,WARNING,196.49,10.26,0.783,0.0525,99.26
D,137,199.31,10.51,0.6,0.5,0.576,WARNING,197.46,10.34,-0.583,0.0527,99.66
D,138,200.23,10.61,0.63,0.5,0.438,WARNING,198.4,10.43,-0.138,0.053,100.12
D,139,201.03,10.7,0.76,0.5,0.628,WARNING,199.27,10.52,0.19,0.0532,100.52
D,140,166.62,7.8,0.8,0.44,6.425,CRITICAL,193.14,10.01,5.797,0.0468,93.31
D,141,171.8,8.18,0.92,0.42,4.955,CRITICAL,187.8,9.56,-1.47,0.0476,99.64
D,142,178.13,8.65,0.99,0.41,6.164,CRITICAL,183.56,9.19,1.209,0.0486,105.1
D,143,182.18,9.07,0.96,0.41,6.145,CRITICAL,179.95,8.88,-0.019,0.0498,107.49
D,144,186.18,9.59,0.98,0.4,2.675,CRITICAL,176.98,8.66,-3.47,0.0515,111.71
D,145,189.45,9.99,0.99,0.38,3.17,CRITICAL,181.55,9.1,0.495,0.0527,117.46
D,146,194.1,10.2,0.95,0.38,5.181,CRITICAL,186.01,9.5,2.011,0.0526,120.34
D,147,200.06,10.57,0.94,0.37,4.651,CRITICAL,190.39,9.88,-0.53,0.0528,126.04
D,148,206.46,11.08,0.95,0.36,6.259,CRITICAL,195.25,10.29,1.608,0.0537,132.13
D,149,209.58,11.46,0.81,0.35,2.85,CRITICAL,199.93,10.66,-3.409,0.0547,136.23
D,150,215.26,11.88,0.85,0.34,3.411,CRITICAL,205.09,11.04,0.561,0.0552,142.07
D,151,219.31,12.33,0.93,0.33,2.568,CRITICAL,210.13,11.46,-0.843,0.0562,146.94
D,152,223.95,12.79,0.92,0.32,5.524,CRITICAL,214.91,11.91,2.956,0.0571,152.29
D,153,229.25,13.02,0.96,0.31,2.925,CRITICAL,219.47,12.3,-2.599,0.0568,158.18
D,154,232.96,13.25,0.88,0.29,4.251,CRITICAL,224.15,12.65,1.326,0.0569,165.4
D,155,238.1,13.64,0.88,0.28,3.046,CRITICAL,228.71,13.01,-1.205,0.0573,171.43
D,156,243.79,14.06,0.94,0.27,3.076,CRITICAL,233.61,13.35,0.03,0.0577,177.97
D,157,249.95,14.58,0.99,0.26,3.993,CRITICAL,238.81,13.71,0.917,0.0583,184.96
D,158,254.66,15.0,0.92,0.25,2.52,CRITICAL,243.89,14.11,-1.473,0.0589,191.0
D,159,259.31,15.58,0.98,0.24,5.493,CRITICAL,249.16,14.57,2.973,0.0601,197.08
D,160,263.18,15.95,0.83,0.23,4.55,CRITICAL,254.18,15.03,-0.943,0.0606,202.65
D,161,266.57,16.48,0.96,0.22,3.225,CRITICAL,258.73,15.52,-1.325,0.0618,207.92
D,162,272.48,17.02,0.89,0.21,6.477,CRITICAL,263.24,16.01,3.252,0.0625,215.26
D,163,277.17,17.34,0.95,0.2,2.893,CRITICAL,267.74,16.47,-3.584,0.0626,221.74
D,164,281.62,17.67,0.82,0.2,5.122,CRITICAL,272.2,16.89,2.229,0.0627,225.3
D,165,286.6,18.23,0.92,0.19,4.303,CRITICAL,276.89,17.35,-0.819,0.0636,232.15
D,166,290.32,18.66,0.86,0.18,3.958,CRITICAL,281.64,17.78,-0.345,0.0643,238.06
D,167,294.54,18.87,0.95,0.17,3.386,CRITICAL,286.05,18.15,-0.572,0.0641,244.47
D,168,298.78,19.4,0.98,0.16,5.432,CRITICAL,290.37,18.57,2.046,0.0649,250.98
D,169,303.13,19.74,0.84,0.16,4.707,CRITICAL,294.67,18.98,-0.725,0.0651,254.63
D,170,308.06,20.28,0.91,0.14,3.06,CRITICAL,298.97,19.39,-1.647,0.0658,264.93
D,171,311.61,20.84,0.8,0.14,2.802,CRITICAL,303.22,19.83,-0.258,0.0669,267.98
D,172,316.14,21.05,0.92,0.13,4.121,CRITICAL,307.54,20.26,1.319,0.0666,275.04
D,173,322.27,21.47,0.89,0.12,6.495,CRITICAL,312.24,20.68,2.374,0.0666,283.6
D,174,327.87,21.82,0.95,0.11,5.589,CRITICAL,317.19,21.09,-0.906,0.0666,291.8
D,175,331.53,22.2,0.9,0.1,4.087,CRITICAL,321.88,21.48,-1.502,0.067,298.38
D,176,336.68,22.74,0.83,0.1,4.956,CRITICAL,326.9,21.86,0.869,0.0675,303.01
D,177,341.24,23.12,0.93,0.1,6.295,CRITICAL,331.92,22.27,1.339,0.0678,307.12
D,178,347.61,23.61,0.84,0.1,3.935,CRITICAL,336.99,22.7,-2.36,0.0679,312.85
D,179,352.06,23.84,0.84,0.1,2.671,CRITICAL,341.82,23.1,-1.264,0.0677,316.85
D,180,358.19,24.18,0.81,0.1,4.319,CRITICAL,347.16,23.5,1.648,0.0675,322.37
D,181,364.61,24.51,0.97,0.1,4.585,CRITICAL,352.74,23.85,0.266,0.0672,328.15
D,182,370.45,24.82,0.93,0.1,3.195,CRITICAL,358.58,24.19,-1.39,0.067,333.4
D,183,374.41,25.28,0.88,0.1,4.567,CRITICAL,363.94,24.53,1.372,0.0675,336.97
D,184,380.54,25.69,0.9,0.1,5.971,CRITICAL,369.64,24.9,1.404,0.0675,342.49
D,185,384.97,26.13,0.83,0.1,3.056,CRITICAL,375.0,25.29,-2.915,0.0679,346.47
D,186,387.78,26.58,0.87,0.1,3.248,CRITICAL,379.63,25.7,0.192,0.0685,349.0
D,187,393.15,26.83,0.94,0.1,5.745,CRITICAL,384.17,26.1,2.497,0.0682,353.84
D,188,397.57,27.22,0.97,0.1,3.145,CRITICAL,388.8,26.49,-2.6,0.0685,357.81
D,189,400.16,27.44,0.93,0.1,3.145,CRITICAL,392.73,26.84,0.0,0.0686,360.14
D,190,402.82,27.87,0.84,0.1,3.533,CRITICAL,396.3,27.19,0.388,0.0692,362.54
D,191,409.15,28.31,0.94,0.1,2.574,CRITICAL,400.57,27.53,-0.959,0.0692,368.24
D,192,414.3,28.62,1.0,0.1,4.297,CRITICAL,404.8,27.89,1.723,0.0691,372.87
D,193,420.27,28.89,0.96,0.1,4.903,CRITICAL,409.34,28.23,0.606,0.0687,378.24
D,194,426.05,29.16,0.94,0.1,3.558,CRITICAL,414.52,28.57,-1.345,0.0684,383.44
D,195,429.92,29.55,0.88,0.1,3.419,CRITICAL,419.94,28.91,-0.139,0.0687,386.93
D,196,432.86,29.83,0.88,0.1,4.517,CRITICAL,424.68,29.21,1.098,0.0689,389.57
D,197,435.96,30.06,0.81,0.1,4.959,CRITICAL,429.01,29.5,0.442,0.069,392.36
D,198,441.59,30.47,0.83,0.1,4.429,CRITICAL,433.28,29.81,-0.53,0.069,397.43
D,199,446.5,31.0,0.93,0.1,5.599,CRITICAL,437.37,30.18,1.17,0.0694,401.85
E,0,117.37,3.76,0.44,0.94,0.174,SAFE,117.37,3.76,0.0,0.032,7.04
E,1,117.26,3.77,0.56,0.93,0.118,SAFE,117.32,3.76,-0.056,0.0322,8.21
E,2,116.85,3.73,0.49,0.85,0.215,SAFE,117.16,3.75,0.097,0.0319,17.53
E,3,116.64,3.77,0.48,0.85,0.125,SAFE,117.03,3.76,-0.09,0.0323,17.5
E,4,116.93,3.78,0.41,0.82,0.093,SAFE,117.01,3.76,-0.032,0.0323,21.05
E,5,117.11,3.76,0.47,0.84,0.091,SAFE,116.96,3.76,-0.002,0.0321,18.74
E,6,116.87,3.8,0.48,0.87,-0.135,SAFE,116.88,3.77,-0.226,0.0325,15.19
E,7,117.05,3.82,0.48,0.94,-0.011,SAFE,116.92,3.79,0.124,0.0326,7.02
E,8,116.92,3.83,0.44,0.87,-0.093,SAFE,116.98,3.8,-0.082,0.0328,15.2
E,9,117.12,3.85,0.59,0.92,0.149,SAFE,117.01,3.81,0.242,0.0329,9.37
E,10,117.07,3.87,0.42,0.85,-0.06,SAFE,117.01,3.83,-0.209,0.0331,17.56
E,11,116.91,3.88,0.55,0.93,-0.204,SAFE,117.01,3.85,-0.144,0.0332,8.18
E,12,117.37,3.83,0.4,0.84,0.256,SAFE,117.08,3.85,0.46,0.0326,18.78
E,13,117.31,3.78,0.43,0.83,-0.277,SAFE,117.16,3.84,-0.533,0.0322,19.94
E,14,117.19,3.83,0.53,0.9,0.127,SAFE,117.17,3.84,0.404,0.0327,11.72
E,15,117.29,3.88,0.58,0.92,-0.037,SAFE,117.21,3.84,-0.164,0.0331,9.38
E,16,116.99,3.89,0.57,0.86,-0.28,SAFE,117.23,3.84,-0.243,0.0333,16.38
E,17,117.09,3.89,0.44,0.85,-0.278,SAFE,117.17,3.85,0.002,0.0332,17.56
E,18,116.83,3.84,0.42,0.97,0.168,SAFE,117.08,3.87,0.446,0.0329,3.5
E,19,116.68,3.83,0.52,0.9,0.142,SAFE,116.98,3.87,-0.026,0.0328,11.67
E,20,116.25,3.79,0.45,0.94,0.249,SAFE,116.77,3.85,0.107,0.0326,6.98
E,21,116.1,3.84,0.45,0.91,-0.183,SAFE,116.59,3.84,-0.432,0.0331,10.45
E,22,116.53,3.85,0.44,0.88,-0.236,SAFE,116.48,3.83,-0.053,0.033,13.98
E,23,116.1,3.83,0.61,0.94,0.274,SAFE,116.33,3.83,0.51,0.033,6.97
E,24,116.48,3.86,0.52,0.92,0.28,SAFE,116.29,3.83,0.006,0.0331,9.32
E,25,116.54,3.88,0.56,0.96,-0.025,SAFE,116.35,3.85,-0.305,0.0333,4.66
E,26,116.5,3.89,0.39,0.84,-0.259,SAFE,116.43,3.86,-0.234,0.0334,18.64
E,27,116.64,3.94,0.54,0.85,-0.111,SAFE,116.45,3.88,0.148,0.0338,17.5
E,28,117.09,3.94,0.38,0.94,-0.151,SAFE,116.65,3.9,-0.04,0.0336,7.03
E,29,116.68,3.96,0.58,0.83,0.259,SAFE,116.69,3.92,0.41,0.0339,19.84
E,30,116.66,3.95,0.59,0.86,0.268,SAFE,116.71,3.94,0.009,0.0339,16.33
E,31,116.84,3.99,0.5,0.85,0.141,SAFE,116.78,3.96,-0.127,0.0341,17.53
E,32,117.22,3.96,0.43,0.86,0.071,SAFE,116.9,3.96,-0.07,0.0338,16.41
E,33,116.87,3.92,0.6,0.92,0.098,SAFE,116.85,3.96,0.027,0.0335,9.35
E,34,116.99,3.95,0.51,0.83,-0.011,SAFE,116.92,3.95,-0.109,0.0338,19.89
E,35,117.11,3.94,0.62,0.95,0.221,SAFE,117.01,3.95,0.232,0.0336,5.86
E,36,117.1,3.99,0.6,0.86,-0.167,SAFE,117.06,3.95,-0.388,0.0341,16.39
E,37,117.18,3.95,0.57,0.89,0.024,SAFE,117.05,3.95,0.191,0.0337,12.89
E,38,117.18,3.94,0.54,0.85,0.286,SAFE,117.11,3.95,0.262,0.0336,17.58
E,39,117.38,3.93,0.55,0.82,-0.174,SAFE,117.19,3.95,-0.46,0.0335,21.13
E,40,117.46,3.92,0.53,0.86,0.029,SAFE,117.26,3.95,0.203,0.0334,16.44
E,41,117.19,3.91,0.53,0.87,-0.001,SAFE,117.28,3.93,-0.03,0.0334,15.23
E,42,116.9,3.93,0.47,0.95,-0.132,SAFE,117.22,3.93,-0.131,0.0336,5.85
E,43,116.58,3.9,0.52,0.85,-0.24,SAFE,117.1,3.92,-0.108,0.0335,17.49
E,44,116.35,3.87,0.48,0.88,-0.212,SAFE,116.9,3.91,0.028,0.0333,13.96
E,45,116.81,3.84,0.57,0.85,-0.0,SAFE,116.77,3.89,0.212,0.0329,17.52
E,46,117.31,3.87,0.5,0.93,0.171,SAFE,116.79,3.88,0.171,0.033,8.21
E,47,117.11,3.88,0.52,0.88,0.114,SAFE,116.83,3.87,-0.057,0.0331,14.05
E,48,116.67,3.91,0.49,0.91,-0.03,SAFE,116.85,3.87,-0.144,0.0335,10.5
E,49,116.5,3.89,0.51,0.96,-0.145,SAFE,116.88,3.88,-0.115,0.0334,4.66
E,50,116.02,3.86,0.59,0.96,-0.181,SAFE,116.72,3.88,-0.036,0.0333,4.64
E,51,116.1,3.87,0.42,0.94,-0.087,SAFE,116.48,3.88,0.094,0.0333,6.97
E,52,116.27,3.87,0.56,0.95,-0.071,SAFE,116.31,3.88,0.016,0.0333,5.81
E,53,116.06,3.88,0.41,0.85,0.185,SAFE,116.19,3.87,0.256,0.0334,17.41
E,54,115.9,3.9,0.52,0.95,-0.257,SAFE,116.07,3.88,-0.442,0.0336,5.8
E,55,115.56,3.87,0.46,0.86,-0.14,SAFE,115.98,3.88,0.117,0.0335,16.18
E,56,115.7,3.85,0.49,0.95,-0.082,SAFE,115.9,3.87,0.058,0.0333,5.79
E,57,115.79,3.89,0.48,0.85,-0.286,SAFE,115.8,3.88,-0.204,0.0336,17.37
E,58,116.02,3.91,0.61,0.93,-0.252,SAFE,115.79,3.88,0.034,0.0337,8.12
E,59,115.68,3.87,0.4,0.95,0.029,SAFE,115.75,3.88,0.281,0.0335,5.78
E,60,115.21,3.86,0.56,0.83,-0.143,SAFE,115.68,3.88,-0.172,0.0335,19.59
E,61,114.87,3.87,0.59,0.87,-0.152,SAFE,115.51,3.88,-0.009,0.0337,14.93
E,62,114.65,3.89,0.41,0.95,-0.283,SAFE,115.29,3.88,-0.131,0.0339,5.73
E,63,114.81,3.92,0.46,0.89,0.285,SAFE,115.04,3.88,0.568,0.0341,12.63
E,64,114.85,3.9,0.49,0.97,0.119,SAFE,114.88,3.89,-0.166,0.034,3.45
E,65,114.53,3.91,0.53,0.92,0.038,SAFE,114.74,3.9,-0.081,0.0341,9.16
E,66,114.56,3.92,0.45,0.87,0.024,SAFE,114.68,3.91,-0.014,0.0342,14.89
E,67,114.86,3.92,0.47,0.86,-0.118,SAFE,114.72,3.91,-0.142,0.0341,16.08
E,68,114.36,3.95,0.58,0.87,-0.018,SAFE,114.63,3.92,0.1,0.0345,14.87
E,69,113.87,3.99,0.61,0.89,-0.295,SAFE,114.44,3.94,-0.277,0.035,12.53
E,70,113.8,3.97,0.44,0.82,-0.076,SAFE,114.29,3.95,0.219,0.0349,20.48
E,71,113.71,3.98,0.47,0.84,0.142,SAFE,114.12,3.96,0.218,0.035,18.19
E,72,113.6,3.96,0.44,0.88,-0.156,SAFE,113.87,3.97,-0.298,0.0349,13.63
E,73,113.86,4.01,0.57,0.92,-0.129,SAFE,113.77,3.98,0.027,0.0352,9.11
E,74,114.11,4.04,0.48,0.95,-0.191,SAFE,113.82,3.99,-0.062,0.0354,5.71
E,75,113.9,4.05,0.53,0.86,0.074,SAFE,113.84,4.01,0.265,0.0356,15.95
E,76,113.59,4.0,0.39,0.9,-0.188,SAFE,113.81,4.01,-0.262,0.0352,11.36
E,77,113.19,3.98,0.55,0.93,-0.16,SAFE,113.73,4.02,0.028,0.0352,7.92
E,78,112.84,3.98,0.46,0.87,0.18,SAFE,113.53,4.01,0.34,0.0353,14.67
E,79,113.34,3.97,0.57,0.87,0.206,SAFE,113.37,4.0,0.026,0.035,14.73
E,80,136.38,4.73,0.69,0.77,0.407,WARNING,117.87,4.13,0.201,0.0347,31.37
E,81,137.95,4.86,0.61,0.77,1.542,WARNING,122.74,4.3,1.135,0.0352,31.73
E,82,138.62,4.99,0.76,0.76,0.964,WARNING,127.83,4.51,-0.578,0.036,33.27
E,83,139.61,5.11,0.82,0.76,1.082,WARNING,133.18,4.73,0.118,0.0366,33.51
E,84,140.93,5.19,0.73,0.75,0.785,WARNING,138.7,4.98,-0.297,0.0368,35.23
E,85,142.64,5.3,0.73,0.75,0.68,WARNING,139.95,5.09,-0.105,0.0372,35.66
E,86,144.27,5.43,0.61,0.75,0.627,WARNING,141.21,5.2,-0.053,0.0376,36.07
E,87,145.06,5.5,0.61,0.74,0.714,WARNING,142.5,5.31,0.087,0.0379,37.72
E,88,145.37,5.55,0.69,0.73,1.475,WARNING,143.65,5.39,0.761,0.0382,39.25
E,89,146.23,5.61,0.6,0.73,0.537,WARNING,144.71,5.48,-0.938,0.0384,39.48
E,90,147.92,5.76,0.59,0.72,1.238,WARNING,145.77,5.57,0.701,0.0389,41.42
E,91,149.28,5.89,0.64,0.71,0.489,WARNING,146.77,5.66,-0.749,0.0395,43.29
E,92,150.76,6.02,0.69,0.71,1.508,WARNING,147.91,5.77,1.019,0.0399,43.72
E,93,152.09,6.1,0.8,0.7,0.502,WARNING,149.26,5.88,-1.006,0.0401,45.63
E,94,153.05,6.18,0.63,0.7,1.346,WARNING,150.62,5.99,0.844,0.0404,45.92
E,95,153.87,6.31,0.78,0.69,0.713,WARNING,151.81,6.1,-0.633,0.041,47.7
E,96,155.0,6.36,0.65,0.69,0.533,WARNING,152.95,6.19,-0.18,0.041,48.05
E,97,155.85,6.41,0.67,0.68,1.257,WARNING,153.97,6.27,0.724,0.0411,49.87
E,98,156.18,6.55,0.64,0.68,1.464,WARNING,154.79,6.36,0.207,0.0419,49.98
E,99,157.47,6.65,0.71,0.67,0.881,WARNING,155.67,6.46,-0.583,0.0422,51.97
E,100,158.6,6.76,0.73,0.67,0.784,WARNING,156.62,6.55,-0.097,0.0426,52.34
E,101,159.68,6.82,0.61,0.66,1.553,WARNING,157.56,6.64,0.769,0.0427,54.29
E,102,160.28,6.92,0.72,0.65,0.448,WARNING,158.44,6.74,-1.105,0.0432,56.1
E,103,161.57,7.02,0.64,0.65,1.352,WARNING,159.52,6.83,0.904,0.0434,56.55
E,104,162.78,7.08,0.63,0.64,1.695,WARNING,160.58,6.92,0.343,0.0435,58.6
E,105,164.41,7.14,0.59,0.64,1.502,WARNING,161.74,7.0,-0.193,0.0434,59.19
E,106,166.12,7.23,0.75,0.63,0.854,WARNING,163.03,7.08,-0.648,0.0435,61.46
E,107,166.82,7.28,0.65,0.62,0.406,WARNING,164.34,7.15,-0.448,0.0436,63.39
E,108,168.56,7.34,0.71,0.62,1.388,WARNING,165.74,7.21,0.982,0.0435,64.05
E,109,169.65,7.42,0.62,0.61,1.238,WARNING,167.11,7.28,-0.15,0.0437,66.16
E,110,170.57,7.48,0.67,0.61,1.258,WARNING,168.34,7.35,0.02,0.0439,66.52
E,111,171.87,7.62,0.62,0.6,0.55,WARNING,169.49,7.43,-0.708,0.0443,68.75
E,112,172.68,7.68,0.69,0.6,1.798,WARNING,170.67,7.51,1.248,0.0445,69.07
E,113,173.45,7.83,0.67,0.59,0.787,WARNING,171.64,7.61,-1.011,0.0451,71.11
E,114,174.4,7.95,0.72,0.58,1.213,WARNING,172.59,7.71,0.426,0.0456,73.25
E,115,175.84,8.1,0.81,0.58,0.681,WARNING,173.65,7.84,-0.532,0.0461,73.85
E,116,176.74,8.22,0.72,0.57,1.774,WARNING,174.62,7.96,1.093,0.0465,76.0
E,117,178.53,8.3,0.63,0.57,0.751,WARNING,175.79,8.08,-1.023,0.0465,76.77
E,118,178.86,8.43,0.65,0.56,1.335,WARNING,176.87,8.2,0.584,0.0471,78.7
E,119,180.0,8.57,0.59,0.56,0.532,WARNING,177.99,8.32,-0.803,0.0476,79.2
E,120,180.5,8.66,0.64,0.55,1.173,WARNING,178.93,8.44,0.641,0.048,81.22
E,121,180.94,8.75,0.76,0.54,1.677,WARNING,179.77,8.54,0.504,0.0484,83.23
E,122,182.43,8.82,0.75,0.54,1.539,WARNING,180.55,8.65,-0.138,0.0483,83.92
E,123,184.09,8.93,0.76,0.53,0.751,WARNING,181.59,8.75,-0.788,0.0485,86.52
E,124,184.51,8.98,0.66,0.53,1.456,WARNING,182.49,8.83,0.705,0.0487,86.72
E,125,185.44,9.12,0.63,0.52,1.605,WARNING,183.48,8.92,0.149,0.0492,89.01
E,126,186.64,9.17,0.67,0.51,1.466,WARNING,184.62,9.0,-0.139,0.0491,91.45
E,127,187.0,9.27,0.7,0.51,0.524,WARNING,185.54,9.09,-0.942,0.0496,91.63
E,128,187.38,9.4,0.69,0.5,0.889,WARNING,186.19,9.19,0.365,0.0502,93.69
E,129,188.43,9.47,0.67,0.5,0.735,WARNING,186.98,9.29,-0.154,0.0503,94.22
E,130,188.86,9.58,0.68,0.5,0.374,WARNING,187.66,9.38,-0.361,0.0507,94.43
E,131,189.91,9.7,0.61,0.5,0.496,WARNING,188.32,9.48,0.122,0.0511,94.96
E,132,190.94,9.82,0.73,0.5,0.594,WARNING,189.1,9.59,0.098,0.0514,95.47
E,133,191.61,9.88,0.66,0.5,1.465,WARNING,189.95,9.69,0.871,0.0516,95.8
E,134,192.05,9.99,0.66,0.5,0.935,WARNING,190.67,9.79,-0.53,0.052,96.02
E,135,193.24,10.05,0.82,0.5,0.757,WARNING,191.55,9.89,-0.178,0.052,96.62
E,136,195.02,10.14,0.59,0.5,0.519,WARNING,192.57,9.98,-0.238,0.052,97.51
E,137,195.62,10.23,0.78,0.5,1.437,WARNING,193.51,10.06,0.918,0.0523,97.81
E,138,196.0,10.37,0.79,0.5,1.69,WARNING,194.39,10.16,0.253,0.0529,98.0
E,139,196.32,10.49,0.69,0.5,0.467,WARNING,195.24,10.26,-1.223,0.0534,98.16
E,140,164.59,7.48,0.9,0.44,3.315,CRITICAL,189.51,9.74,2.848,0.0454,92.17
E,141,168.13,7.88,0.94,0.43,3.065,CRITICAL,184.13,9.29,-0.25,0.0469,95.83
E,142,170.7,8.31,0.83,0.42,2.674,CRITICAL,179.15,8.91,-0.391,0.0487,99.01
E,143,174.34,8.83,0.93,0.4,2.712,CRITICAL,174.82,8.6,0.038,0.0506,104.6
E,144,176.87,9.18,0.93,0.4,5.908,CRITICAL,170.93,8.34,3.196,0.0519,106.12
E,145,182.83,9.39,0.85,0.38,5.098,CRITICAL,174.57,8.72,-0.81,0.0514,113.35
E,146,186.85,9.98,0.97,0.38,3.762,CRITICAL,178.32,9.14,-1.336,0.0534,115.85
E,147,191.47,10.25,0.99,0.37,4.332,CRITICAL,182.47,9.53,0.57,0.0535,120.63
E,148,194.06,10.55,0.88,0.36,3.834,CRITICAL,186.42,9.87,-0.498,0.0544,124.2
E,149,197.19,10.89,0.85,0.35,5.001,CRITICAL,190.48,10.21,1.167,0.0552,128.17
E,150,203.6,11.29,0.98,0.34,5.003,CRITICAL,194.63,10.59,0.002,0.0555,134.38
E,151,209.66,11.82,0.86,0.33,4.72,CRITICAL,199.2,10.96,-0.283,0.0564,140.47
E,152,212.77,12.38,0.88,0.32,2.851,CRITICAL,203.46,11.39,-1.869,0.0582,144.68
E,153,219.11,12.82,0.85,0.31,3.41,CRITICAL,208.47,11.84,0.559,0.0585,151.19
E,154,222.22,13.41,0.91,0.29,3.817,CRITICAL,213.47,12.34,0.407,0.0603,157.78
E,155,225.55,13.67,0.97,0.28,5.7,CRITICAL,217.86,12.82,1.883,0.0606,162.4
E,156,229.29,14.15,1.0,0.27,3.041,CRITICAL,221.79,13.29,-2.659,0.0617,167.38
E,157,235.69,14.41,0.86,0.26,6.168,CRITICAL,226.37,13.69,3.127,0.0611,174.41
E,158,240.42,14.99,0.98,0.25,3.77,CRITICAL,230.63,14.13,-2.398,0.0623,180.32
E,159,245.83,15.49,0.88,0.24,4.156,CRITICAL,235.36,14.54,0.386,0.063,186.83
E,160,250.1,16.06,0.85,0.22,6.233,CRITICAL,240.27,15.02,2.077,0.0642,195.08
E,161,255.72,16.31,0.92,0.22,5.55,CRITICAL,245.55,15.45,-0.683,0.0638,199.46
E,162,259.28,16.73,0.94,0.21,3.429,CRITICAL,250.27,15.92,-2.121,0.0645,204.83
E,163,263.22,17.21,0.92,0.2,4.509,CRITICAL,254.83,16.36,1.08,0.0654,210.58
E,164,268.57,17.56,0.83,0.19,4.466,CRITICAL,259.38,16.77,-0.043,0.0654,217.54
E,165,271.84,17.77,0.85,0.17,2.56,CRITICAL,263.73,17.12,-1.906,0.0654,225.63
E,166,275.99,18.27,0.81,0.16,5.531,CRITICAL,267.78,17.51,2.971,0.0662,231.83
E,167,282.2,18.86,0.86,0.15,4.46,CRITICAL,272.36,17.93,-1.071,0.0668,239.87
E,168,286.53,19.16,0.95,0.14,2.667,CRITICAL,277.03,18.32,-1.793,0.0669,246.42
E,169,290.55,19.49,0.92,0.13,5.47,CRITICAL,281.42,18.71,2.803,0.0671,252.78
E,170,295.15,20.04,0.89,0.11,4.583,CRITICAL,286.08,19.16,-0.887,0.0679,262.68
E,171,300.96,20.25,0.88,0.1,4.575,CRITICAL,291.08,19.56,-0.008,0.0673,270.86
E,172,306.4,20.68,0.81,0.1,5.023,CRITICAL,295.92,19.92,0.448,0.0675,275.76
E,173,310.07,21.04,0.89,0.1,5.81,CRITICAL,300.63,20.3,0.787,0.0679,279.06
E,174,314.26,21.48,0.83,0.1,4.568,CRITICAL,305.37,20.7,-1.242,0.0684,282.83
E,175,320.08,21.86,0.96,0.1,2.953,CRITICAL,310.35,21.06,-1.615,0.0683,288.07
E,176,326.33,22.34,0.89,0.1,4.154,CRITICAL,315.43,21.48,1.201,0.0685,293.7
E,177,329.54,22.78,0.89,0.1,3.308,CRITICAL,320.06,21.9,-0.846,0.0691,296.59
E,178,333.04,23.25,0.94,0.1,5.686,CRITICAL,324.65,22.34,2.378,0.0698,299.74
E,179,336.04,23.5,0.9,0.1,3.952,CRITICAL,329.01,22.75,-1.734,0.0699,302.44
E,180,340.08,24.02,0.88,0.1,6.299,CRITICAL,333.01,23.18,2.347,0.0706,306.07
E,181,344.1,24.52,0.93,0.1,4.762,CRITICAL,336.56,23.61,-1.537,0.0713,309.69
E,182,347.2,25.07,0.88,0.1,5.348,CRITICAL,340.09,24.07,0.586,0.0722,312.48
E,183,350.94,25.58,0.82,0.1,5.006,CRITICAL,343.67,24.54,-0.342,0.0729,315.85
E,184,353.96,25.86,0.89,0.1,3.512,CRITICAL,347.26,25.01,-1.494,0.0731,318.56
E,185,359.88,26.28,0.85,0.1,6.031,CRITICAL,351.22,25.46,2.519,0.073,323.89
E,186,364.74,26.67,0.92,0.1,2.818,CRITICAL,355.34,25.89,-3.213,0.0731,328.27
E,187,368.22,27.09,0.97,0.1,4.73,CRITICAL,359.55,26.3,1.912,0.0736,331.4
E,188,370.91,27.35,0.97,0.1,2.647,CRITICAL,363.54,26.65,-2.083,0.0737,333.82
E,189,376.08,27.88,0.81,0.1,6.182,CRITICAL,367.97,27.05,3.535,0.0741,338.47
E,190,380.25,28.15,0.94,0.1,4.944,CRITICAL,372.04,27.43,-1.238,0.074,342.22
E,191,385.13,28.67,0.92,0.1,4.321,CRITICAL,376.12,27.83,-0.623,0.0744,346.62
E,192,391.36,28.9,0.88,0.1,3.974,CRITICAL,380.75,28.19,-0.347,0.0738,352.22
E,193,394.13,29.27,0.83,0.1,3.671,CRITICAL,385.39,28.57,-0.303,0.0743,354.72
E,194,399.4,29.58,0.94,0.1,4.599,CRITICAL,390.05,28.91,0.928,0.0741,359.46
E,195,404.35,29.83,1.0,0.1,5.016,CRITICAL,394.87,29.25,0.417,0.0738,363.92
E,196,408.79,30.3,0.86,0.1,6.445,CRITICAL,399.61,29.58,1.429,0.0741,367.91
E,197,413.72,30.63,0.87,0.1,6.48,CRITICAL,404.08,29.92,0.035,0.074,372.35
E,198,416.74,31.06,0.9,0.1,5.027,CRITICAL,408.6,30.28,-1.453,0.0745,375.07
E,199,419.96,31.5,0.8,0.1,6.417,CRITICAL,412.71,30.66,1.39,0.075,377.96
